WORD,HAP,,ANG,,SAD,,FEA,,DIS,
,AVG,SD,AVG,SD,AVG,SD,AVG,SD,AVG,SD
abduction,1.09,0.34,3.54,1.32,3.93,1.29,4.11,1.20,3.47,1.39
abortion,1.27,0.72,2.83,1.65,3.73,1.45,2.92,1.69,3.01,1.71
absurd,1.28,0.63,1.95,1.14,1.34,0.69,1.32,0.62,1.64,1.00
abundance,3.22,1.42,1.24,0.72,1.13,0.41,1.14,0.45,1.22,0.70
abuse,1.06,0.28,4.18,0.94,4.20,1.07,3.94,1.30,4.11,1.11
acceptance,3.72,1.19,1.22,0.56,1.43,0.92,1.71,1.11,1.31,0.82
accident,1.06,0.29,2.82,1.31,3.61,1.12,3.69,1.19,1.88,1.28
ace,3.05,1.62,1.15,0.44,1.06,0.30,1.26,0.73,1.12,0.45
ache,1.21,0.65,2.44,1.19,2.75,1.22,2.15,1.18,2.01,1.15
achievement,4.39,0.87,1.06,0.24,1.14,0.46,1.31,0.72,1.06,0.39
activate,1.9,1.14,1.36,0.83,1.25,0.71,1.38,0.81,1.28,0.70
addict,1.17,0.59,2.57,1.49,3.19,1.41,2.77,1.46,3.04,1.51
addicted,1.3,0.81,2.74,1.39,3.10,1.40,3.05,1.42,2.90,1.44
admired,4.01,1.22,1.24,0.66,1.22,0.63,1.40,0.94,1.19,0.62
adorable,4.09,1.11,1.12,0.45,1.17,0.57,1.08,0.40,1.11,0.43
adult,2.55,1.31,1.41,0.84,1.59,0.88,2.14,1.31,1.18,0.55
advantage,3.38,1.19,1.47,0.85,1.26,0.66,1.32,0.61,1.24,0.68
adventure,3.72,1.10,1.08,0.40,1.09,0.29,2.23,0.97,1.05,0.27
affection,4.27,1.04,1.32,0.71,1.55,0.97,1.58,1.06,1.31,0.69
afraid,1.11,0.46,2.14,1.10,2.66,1.24,4.50,0.94,1.65,0.90
aggressive,1.75,1.09,3.23,1.33,1.89,1.15,2.73,1.37,1.95,1.26
agility,3.15,1.51,1.22,0.65,1.07,0.26,1.22,0.63,1.07,0.31
agony,1.04,0.26,2.44,1.20,3.46,1.33,2.71,1.43,1.71,1.08
agreement,3.24,1.39,1.33,0.77,1.35,0.77,1.32,0.73,1.21,0.65
air,2.91,1.58,1.08,0.36,1.12,0.41,1.21,0.60,1.20,0.53
alcoholic,1.41,0.96,3.04,1.49,3.64,1.37,3.11,1.54,2.71,1.55
alert,2.04,1.18,1.62,0.95,1.36,0.84,2.30,1.29,1.28,0.65
alien,1.29,0.70,1.47,0.98,1.28,0.72,2.42,1.43,1.69,1.03
alimony,1.78,1.10,2.20,1.01,2.26,1.14,1.85,0.98,1.85,0.98
alive,4.13,1.24,1.14,0.49,1.23,0.63,1.38,0.80,1.14,0.49
allergy,1.15,0.46,2.09,1.26,1.92,1.03,1.82,0.98,2.58,1.39
alley,1.46,1.06,1.29,0.66,1.54,0.98,2.96,1.43,1.51,0.95
alone,1.27,0.62,1.84,1.10,3.65,1.13,3.30,1.35,1.56,0.99
aloof,1.87,1.00,1.45,0.79,1.56,0.79,1.50,0.86,1.40,0.82
ambition,3.8,1.35,1.28,0.67,1.24,0.72,1.70,1.14,1.20,0.62
ambulance,1.24,0.75,1.89,1.30,3.35,1.27,3.36,1.37,1.44,1.07
angel,4.55,0.84,1.06,0.30,1.26,0.59,1.27,0.69,1.00,0.00
anger,1.06,0.23,4.44,1.13,2.93,1.36,2.61,1.37,2.21,1.31
angry,1.17,0.72,4.47,1.01,2.83,1.38,2.83,1.38,2.09,1.40
anguished,1.19,0.50,2.42,1.15,3.17,1.40,2.45,1.10,2.11,1.26
ankle,1.44,0.83,1.23,0.65,1.18,0.55,1.27,0.73,1.24,0.70
annoy,1.07,0.31,3.49,1.16,1.72,1.16,1.66,1.15,2.58,1.45
answer,2.35,1.46,1.42,0.76,1.35,0.80,1.50,0.88,1.11,0.31
anxious,2.1,1.29,1.72,0.93,1.80,1.11,2.65,1.21,1.30,0.75
applause,3.98,1.07,1.11,0.40,1.14,0.42,1.21,0.60,1.07,0.48
appliance,1.63,0.97,1.29,0.78,1.18,0.55,1.24,0.66,1.14,0.49
arm,1.83,1.22,1.23,0.66,1.09,0.34,1.17,0.55,1.13,0.45
army,1.81,1.20,2.35,1.42,2.55,1.40,3.13,1.36,1.90,1.27
aroused,4.25,1.04,1.10,0.38,1.11,0.43,1.47,0.95,1.21,0.53
arrogant,1.25,0.61,3.14,1.43,1.66,1.14,1.61,1.16,2.77,1.44
art,3.43,1.45,1.74,1.24,1.88,1.31,1.57,1.18,1.64,1.29
assassin,1.06,0.30,3.47,1.36,2.70,1.53,3.64,1.37,2.68,1.60
assault,1.09,0.46,3.86,1.25,3.44,1.32,4.00,1.13,3.36,1.44
astonished,2.15,1.29,1.26,0.63,1.24,0.59,1.51,0.87,1.21,0.67
astronaut,2.86,1.53,1.11,0.46,1.40,0.74,2.03,1.27,1.11,0.43
athletics,4.05,1.12,1.91,1.26,1.77,1.24,1.56,1.08,1.36,0.90
autumn,3.74,1.30,1.21,0.61,1.66,0.99,1.21,0.61,1.12,0.46
avalanche,1.23,0.68,2.23,1.09,2.89,1.40,3.88,1.29,1.66,0.91
avenue,1.93,1.40,1.13,0.47,1.15,0.49,1.18,0.56,1.15,0.43
awed,3.42,1.28,1.29,0.75,1.48,0.94,1.40,0.93,1.23,0.77
baby,4.44,0.91,1.18,0.49,1.38,0.82,1.72,1.06,1.20,0.69
bake,3.23,1.36,1.20,0.56,1.14,0.43,1.23,0.52,1.09,0.34
bandage,1.33,0.66,1.50,0.79,2.02,1.13,2.06,1.19,1.86,1.09
bankrupt,1.11,0.43,2.81,1.40,3.07,1.40,3.07,1.48,1.94,1.29
banner,2.22,1.39,1.30,0.78,1.27,0.77,1.27,0.81,1.31,0.80
bar,3.11,1.52,1.59,1.00,1.63,0.98,1.66,1.02,1.62,1.11
barrel,1.39,0.90,1.25,0.61,1.25,0.59,1.40,0.91,1.17,0.52
basket,2.07,1.33,1.10,0.45,1.19,0.66,1.13,0.53,1.08,0.44
bastard,1.19,0.68,3.73,1.17,2.57,1.29,1.85,1.14,2.59,1.32
bath,3.91,1.22,1.18,0.51,1.24,0.59,1.18,0.45,1.38,0.68
bathroom,1.74,1.09,1.24,0.66,1.15,0.50,1.41,0.88,2.41,1.46
bathtub,2.67,1.44,1.12,0.41,1.21,0.62,1.26,0.59,1.32,0.77
beach,4.46,1.00,1.16,0.50,1.33,0.80,1.39,0.79,1.16,0.37
beast,1.24,0.79,2.06,1.38,1.65,1.03,3.14,1.28,1.97,1.25
beautiful,4.51,0.86,1.22,0.63,1.32,0.75,1.31,0.76,1.18,0.66
beauty,4.42,0.99,1.45,0.78,1.47,0.80,1.39,0.83,1.28,0.83
bed,4.15,1.25,1.16,0.55,1.74,1.16,1.35,0.71,1.18,0.61
bees,1.54,1.05,2.29,1.39,1.39,0.74,3.08,1.38,1.83,1.32
beggar,1.14,0.60,2.12,1.27,3.45,1.27,2.04,1.33,2.11,1.34
bench,1.45,0.93,1.36,0.85,1.30,0.66,1.18,0.49,1.15,0.47
bereavement,1.41,0.70,1.84,0.93,2.17,1.20,1.65,0.95,1.46,0.84
betray,1.08,0.52,4.28,0.98,3.63,1.30,3.14,1.44,3.67,1.49
beverage,3.3,1.40,1.21,0.77,1.11,0.56,1.12,0.51,1.14,0.43
bird,2.76,1.45,1.12,0.45,1.15,0.53,1.23,0.58,1.26,0.64
birthday,4.61,0.61,1.12,0.40,1.31,0.65,1.22,0.58,1.08,0.35
black,1.37,0.79,2.74,1.51,3.04,1.53,2.92,1.53,2.08,1.47
blackmail,1.02,0.12,3.79,1.16,2.58,1.40,3.00,1.45,2.61,1.41
bland,1.3,0.62,1.46,0.89,1.72,0.93,1.27,0.61,1.80,1.08
blase,1.48,0.83,1.42,0.70,1.57,0.82,1.51,0.81,1.34,0.65
blasphemy,1.37,0.92,2.77,1.34,2.04,1.13,1.92,1.05,2.16,1.20
bless,4.11,1.27,1.05,0.21,1.06,0.30,1.02,0.12,1.05,0.27
blind,1.18,0.66,2.37,1.34,3.44,1.25,3.07,1.45,1.35,0.76
bliss,4.6,0.83,1.11,0.40,1.08,0.27,1.14,0.50,1.05,0.21
blister,1.16,0.72,2.51,1.26,2.12,1.20,2.07,1.29,3.13,1.48
blond,2.88,1.64,1.36,0.88,1.25,0.80,1.18,0.68,1.40,0.93
bloody,1.09,0.34,2.75,1.09,3.17,1.24,3.69,1.16,3.69,1.18
blossom,3.96,1.22,1.03,0.17,1.17,0.56,1.06,0.23,1.08,0.44
blubber,1.69,1.14,1.70,1.08,2.00,1.35,1.73,1.12,2.70,1.44
blue,2.65,1.46,1.44,0.84,2.76,1.50,1.42,0.87,1.28,0.68
board,1.42,0.79,1.56,0.98,1.38,0.72,1.38,0.80,1.31,0.66
body,2.93,1.43,1.67,1.01,1.68,1.05,1.58,1.02,1.86,1.19
bold,2.56,1.30,1.77,1.02,1.37,0.72,1.69,0.95,1.37,0.76
bomb,1.16,0.64,3.62,1.38,3.18,1.42,3.93,1.42,2.78,1.57
book,3.03,1.34,2.00,1.21,2.00,1.24,1.86,1.11,1.80,1.17
bored,1.14,0.54,1.93,1.19,2.17,1.10,1.40,0.99,1.79,1.19
bottle,2.07,1.38,1.55,1.04,1.68,1.20,1.61,1.10,1.52,0.97
bouquet,3.93,1.21,1.06,0.37,1.35,0.75,1.07,0.31,1.04,0.26
bowl,1.86,1.27,1.25,0.71,1.17,0.63,1.17,0.61,1.24,0.72
boxer,1.96,1.27,1.95,1.24,1.38,0.76,2.12,1.26,1.52,0.93
boy,2.99,1.51,1.67,1.15,1.71,1.23,1.71,1.25,1.60,1.13
brave,3.47,1.22,1.27,0.57,1.21,0.64,1.76,1.16,1.05,0.27
breast,3.00,1.54,1.18,0.53,1.31,0.83,1.34,0.73,1.35,0.87
breeze,3.61,1.33,1.21,0.73,1.23,0.63,1.18,0.64,1.10,0.53
bride,4.29,1.05,1.15,0.50,1.48,0.93,1.44,0.75,1.06,0.30
bright,3.79,1.42,1.24,0.65,1.13,0.38,1.14,0.45,1.10,0.45
broken,1.14,0.43,2.89,1.36,3.23,1.11,2.41,1.34,1.70,1.05
brother,3.62,1.21,2.06,1.18,1.72,1.11,1.50,0.91,1.44,0.94
brutal,1.16,0.68,3.65,1.05,2.99,1.30,3.28,1.27,2.86,1.43
building,1.67,1.14,1.24,0.74,1.19,0.62,1.40,0.82,1.25,0.75
bullet,1.14,0.58,2.80,1.52,2.65,1.45,3.53,1.39,2.27,1.57
bunny,3.59,1.29,1.21,0.65,1.31,0.80,1.28,0.72,1.24,0.62
burdened,1.14,0.49,2.87,1.17,2.96,1.35,2.28,1.21,1.96,1.13
burial,1.14,0.62,2.04,1.41,4.14,1.10,2.66,1.53,1.36,0.79
burn,1.15,0.57,2.80,1.36,2.46,1.40,3.23,1.32,2.16,1.31
bus,1.57,0.92,1.46,0.93,1.25,0.60,1.43,0.90,1.49,0.90
busybody,1.94,0.96,1.82,1.00,1.69,0.79,1.58,0.99,1.93,1.24
butter,2.04,1.27,1.23,0.66,1.23,0.66,1.21,0.67,1.58,1.00
butterfly,4.04,1.15,1.15,0.57,1.30,0.81,1.24,0.77,1.23,0.59
cabinet,1.49,0.86,1.25,0.62,1.22,0.60,1.28,0.75,1.22,0.67
cake,3.9,1.19,1.31,0.95,1.41,1.05,1.17,0.61,1.32,0.85
cancer,1.04,0.26,2.96,1.47,4.03,1.21,3.78,1.40,2.10,1.45
candy,4.02,1.20,1.18,0.61,1.12,0.45,1.15,0.47,1.30,0.68
cane,1.36,0.84,1.52,1.04,2.19,1.23,1.52,0.97,1.26,0.82
cannon,1.43,0.92,2.15,1.24,1.62,0.96,2.61,1.35,1.46,0.89
capable,3.42,1.46,1.31,0.83,1.35,0.84,1.56,0.98,1.26,0.87
car,3.59,1.31,1.63,0.90,1.45,0.83,1.92,1.03,1.28,0.70
carcass,1.13,0.42,1.87,1.06,2.62,1.29,2.54,1.39,3.57,1.57
carefree,3.79,1.45,1.12,0.54,1.12,0.60,1.24,0.82,1.06,0.49
caress,4.18,0.91,1.05,0.23,1.31,0.68,1.16,0.50,1.26,0.64
cash,4.13,1.14,1.60,0.99,1.55,0.99,1.64,1.12,1.60,1.06
casino,3.09,1.29,1.65,1.03,1.62,1.12,1.68,0.99,1.45,0.77
cat,2.8,1.64,1.45,0.95,1.26,0.79,1.52,1.08,1.65,1.22
cell,2.29,1.49,1.70,1.15,1.61,1.02,1.68,1.10,1.29,0.63
cellar,1.26,0.73,1.58,1.11,1.74,1.13,2.50,1.24,1.69,1.19
cemetery,1.2,0.69,2.14,1.37,4.17,1.08,3.02,1.50,1.77,1.19
chair,1.7,1.11,1.13,0.42,1.13,0.49,1.20,0.69,1.09,0.34
champ,4.12,1.17,1.20,0.50,1.24,0.62,1.18,0.49,1.15,0.44
champion,4.4,1.00,1.25,0.64,1.28,0.68,1.22,0.56,1.21,0.58
chance,2.97,1.23,1.52,0.83,1.66,0.94,2.25,1.25,1.39,0.87
chaos,1.32,0.78,2.42,1.22,1.58,0.82,2.39,1.23,1.69,1.00
charm,3.81,1.09,1.24,0.72,1.12,0.37,1.20,0.56,1.05,0.21
cheer,4.38,0.96,1.04,0.26,1.17,0.50,1.08,0.44,1.13,0.56
child,4.11,1.09,1.29,0.70,1.50,0.93,1.57,1.06,1.15,0.60
chin,1.44,0.92,1.18,0.51,1.27,0.76,1.29,0.75,1.26,0.76
chocolate,4.38,1.02,1.16,0.51,1.39,0.90,1.19,0.75,1.23,0.56
christmas,4.66,0.81,1.25,0.71,1.54,0.91,1.14,0.46,1.20,0.60
church,3.42,1.50,1.29,0.63,1.41,0.72,1.55,0.98,1.15,0.44
circle,1.97,1.21,1.14,0.39,1.20,0.57,1.20,0.62,1.08,0.32
circus,3.51,1.27,1.24,0.64,1.42,1.05,1.64,0.96,1.41,0.94
city,3.15,1.48,1.40,0.80,1.29,0.60,1.79,1.12,1.29,0.65
cliff,1.54,1.03,1.43,0.73,1.63,0.99,3.14,1.41,1.24,0.62
clock,1.5,0.96,1.31,0.76,1.38,0.81,1.40,0.93,1.26,0.69
clothing,3.81,1.44,1.52,0.93,1.44,0.91,1.28,0.70,1.48,0.94
clouds,3.41,1.40,1.38,0.76,1.51,0.88,1.38,0.83,1.21,0.69
clumsy,1.74,0.88,2.16,1.12,1.81,0.95,1.70,0.96,1.47,0.88
coarse,1.26,0.58,1.78,1.12,1.44,0.90,1.35,0.73,1.57,0.92
coast,3.38,1.51,1.22,0.68,1.28,0.68,1.50,0.94,1.16,0.60
cockroach,1.03,0.25,2.19,1.39,1.78,1.31,3.14,1.64,4.28,1.21
coffin,1.15,0.60,2.15,1.38,4.15,1.16,3.48,1.39,2.06,1.26
coin,2.24,1.29,1.20,0.61,1.14,0.46,1.12,0.41,1.20,0.66
cold,1.47,0.90,2.21,1.34,2.23,1.29,1.88,1.21,1.48,0.86
color,3.47,1.46,1.34,0.87,1.44,1.01,1.42,1.04,1.23,0.69
column,1.32,0.71,1.22,0.65,1.25,0.64,1.25,0.62,1.13,0.44
comedy,4.45,0.73,1.21,0.64,1.12,0.41,1.08,0.36,1.21,0.62
comfort,4.21,0.95,1.05,0.27,1.24,0.58,1.20,0.59,1.00,0.00
computer,2.69,1.47,1.84,1.24,1.29,0.69,1.43,0.85,1.42,0.86
concentrate,1.76,1.09,1.83,1.10,1.43,0.84,1.29,0.78,1.21,0.67
confident,3.82,1.37,1.22,0.58,1.21,0.61,1.29,0.76,1.12,0.43
confused,1.17,0.47,2.32,1.17,2.28,1.22,2.10,1.16,1.43,0.85
consoled,3.13,1.39,1.45,0.87,2.39,1.41,1.56,0.92,1.31,0.87
contempt,1.8,1.35,2.42,1.35,1.65,0.93,1.86,1.11,1.70,1.12
contents,1.52,1.05,1.14,0.46,1.12,0.41,1.29,0.70,1.14,0.46
context,1.39,0.81,1.26,0.70,1.20,0.67,1.22,0.64,1.13,0.57
controlling,1.31,0.85,2.82,1.19,1.99,1.03,2.19,1.26,2.11,1.31
cook,2.98,1.51,1.35,0.77,1.20,0.53,1.30,0.66,1.21,0.67
cord,1.61,1.03,1.42,0.89,1.19,0.59,1.33,0.80,1.23,0.58
cork,2.19,1.40,1.14,0.56,1.11,0.43,1.13,0.56,1.14,0.54
corner,1.33,0.79,1.38,0.78,1.61,0.99,1.60,0.91,1.21,0.67
corpse,1.13,0.42,2.13,1.34,3.31,1.41,3.20,1.49,3.50,1.46
corridor,1.29,0.65,1.21,0.69,1.34,0.86,1.63,1.05,1.22,0.69
corrupt,1.18,0.61,3.00,1.23,2.38,1.30,2.39,1.37,2.51,1.50
cottage,3.39,1.45,1.13,0.51,1.31,0.77,1.15,0.60,1.07,0.43
couple,4.05,1.16,1.44,0.90,1.62,0.99,1.61,0.97,1.23,0.67
cow,2.42,1.29,1.31,0.79,1.36,0.88,1.45,0.99,1.58,0.96
coward,1.09,0.43,2.41,1.26,2.42,1.17,2.72,1.63,2.48,1.45
cozy,4.42,0.89,1.16,0.52,1.18,0.42,1.12,0.50,1.10,0.38
crash,1.19,0.80,2.82,1.48,3.38,1.39,3.64,1.42,2.17,1.34
crime,1.09,0.38,3.56,1.12,3.36,1.27,3.58,1.18,2.94,1.35
criminal,1.03,0.17,3.32,1.34,2.76,1.39,3.55,1.33,3.05,1.39
crisis,1.02,0.12,2.52,1.23,3.36,1.18,3.82,1.14,1.70,1.17
crown,3.61,1.40,1.31,0.68,1.15,0.46,1.26,0.56,1.10,0.38
crucify,1.2,0.68,3.42,1.43,3.78,1.39,3.27,1.48,3.41,1.60
crude,1.16,0.55,2.51,1.16,1.98,1.06,1.73,0.96,2.83,1.16
cruel,1.06,0.35,3.83,1.16,3.45,1.33,3.17,1.44,3.03,1.57
crushed,1.07,0.26,2.63,1.31,3.68,1.19,2.41,1.37,2.11,1.40
crutch,1.18,0.49,2.02,1.22,2.32,1.27,1.92,1.10,1.30,0.82
cuddle,4.41,1.03,1.07,0.31,1.29,0.72,1.15,0.43,1.06,0.29
cuisine,3.68,1.41,1.17,0.57,1.06,0.30,1.15,0.47,1.39,0.89
curious,2.42,1.18,1.45,0.91,1.33,0.71,1.59,0.93,1.18,0.65
curtains,1.62,1.06,1.09,0.38,1.21,0.62,1.15,0.50,1.08,0.36
custom,2.21,1.36,1.21,0.56,1.28,0.61,1.18,0.54,1.17,0.56
cut,1.11,0.31,2.81,1.33,2.55,1.33,3.05,1.34,2.47,1.39
cute,4.39,0.84,1.12,0.47,1.18,0.58,1.09,0.41,1.12,0.40
cyclone,1.45,1.04,2.22,1.40,2.34,1.28,3.30,1.33,1.59,1.15
dagger,1.17,0.47,2.64,1.42,2.21,1.32,3.43,1.31,1.97,1.31
damage,1.33,0.98,3.50,1.25,3.06,1.14,2.73,1.35,2.42,1.35
dancer,3.40,1.49,1.26,0.75,1.26,0.69,1.22,0.59,1.15,0.52
danger,1.26,0.66,2.32,1.12,2.39,1.17,4.09,1.12,1.64,0.97
dark,1.81,1.31,1.64,1.01,2.17,1.28,3.07,1.29,1.26,0.62
dawn,3.33,1.22,1.25,0.64,1.39,0.73,1.31,0.69,1.17,0.55
daylight,4.03,0.99,1.23,0.58,1.15,0.44,1.05,0.21,1.05,0.21
dazzle,3.71,1.41,1.13,0.44,1.12,0.46,1.09,0.40,1.05,0.22
dead,1.29,0.93,2.42,1.41,3.51,1.38,3.17,1.48,2.00,1.30
death,1.25,0.59,3.16,1.22,4.40,1.00,3.93,1.21,2.21,1.16
debt,1.08,0.51,3.06,1.34,3.34,1.36,3.53,1.45,2.31,1.52
deceit,1.15,0.42,3.52,1.26,2.93,1.43,2.57,1.41,2.91,1.61
decompose,1.13,0.48,1.24,0.57,1.72,1.13,1.58,1.11,2.95,1.48
decorate,3.61,1.40,1.08,0.27,1.20,0.54,1.13,0.47,1.10,0.50
defeated,1.18,0.74,3.39,1.32,3.21,1.30,2.38,1.37,1.91,1.33
defiant,1.65,1.00,2.62,1.43,1.93,1.20,1.95,1.23,1.50,0.99
deformed,1.12,0.40,2.14,1.35,3.29,1.40,2.43,1.38,2.55,1.36
delayed,1.18,0.64,2.35,1.22,1.58,0.94,1.75,1.08,1.54,0.92
delight,4.7,0.58,1.09,0.34,1.13,0.45,1.13,0.42,1.08,0.41
demon,1.06,0.39,3.11,1.38,2.55,1.41,3.83,1.24,2.79,1.55
dentist,1.74,1.05,1.54,1.02,1.50,0.90,2.57,1.32,1.65,1.02
depressed,1.04,0.26,2.72,1.36,4.32,0.89,3.10,1.36,2.17,1.28
depression,1.08,0.45,2.89,1.45,4.33,1.01,3.27,1.43,2.03,1.30
derelict,1.38,0.76,1.64,0.98,1.64,0.90,1.63,0.86,1.81,1.11
deserter,1.11,0.52,3.00,1.38,2.57,1.39,2.44,1.45,2.56,1.51
desire,3.84,1.10,1.62,0.90,1.47,0.73,1.53,0.87,1.09,0.34
despairing,1.18,0.63,2.16,1.21,3.30,1.29,2.40,1.34,1.85,1.10
despise,1.08,0.40,3.74,1.21,2.47,1.35,2.09,1.31,2.52,1.60
destroy,1.13,0.47,3.62,1.31,3.19,1.31,3.21,1.43,2.35,1.54
destruction,1.20,0.70,3.80,1.10,3.34,1.39,3.08,1.35,2.35,1.36
detached,1.22,0.68,2.06,1.32,2.77,1.40,2.48,1.41,1.44,0.95
detail,2.18,1.32,1.49,0.94,1.25,0.69,1.28,0.72,1.33,0.80
detest,1.09,0.37,2.96,1.44,1.83,1.11,1.93,1.15,2.79,1.56
devil,1.00,0.00,3.53,1.49,2.86,1.53,3.73,1.44,3.39,1.71
devoted,3.65,1.25,1.12,0.33,1.27,0.67,1.35,0.69,1.06,0.30
diamond,4.15,1.30,1.24,0.64,1.28,0.65,1.12,0.40,1.27,0.78
dignified,3.43,1.42,1.12,0.37,1.14,0.43,1.20,0.61,1.09,0.34
dinner,3.68,1.25,1.20,0.56,1.13,0.44,1.15,0.48,1.26,0.66
diploma,4.24,1.18,1.08,0.51,1.37,0.94,1.53,0.99,1.06,0.49
dirt,1.58,0.95,1.59,1.12,1.46,0.97,1.42,0.92,2.49,1.34
dirty,1.28,0.63,2.30,1.28,1.94,1.13,1.94,1.22,3.70,1.43
disappoint,1.17,0.73,2.67,1.23,3.36,1.28,2.64,1.36,1.86,1.23
disaster,1.07,0.30,3.19,1.23,3.90,1.11,3.66,1.30,2.44,1.28
discomfort,1.07,0.48,2.75,1.26,2.67,1.36,2.33,1.33,1.99,1.32
discouraged,1.09,0.39,2.77,1.29,3.17,1.32,2.23,1.23,1.77,1.04
disdainful,1.29,0.69,2.33,1.15,2.15,1.16,1.84,1.11,2.04,1.26
disgusted,1.18,0.64,2.16,1.41,1.97,1.33,1.94,1.35,4.21,1.36
disloyal,1.06,0.39,3.62,1.26,3.03,1.34,2.53,1.36,2.80,1.46
displeased,1.03,0.17,2.96,1.33,2.44,1.27,1.88,1.18,1.94,1.32
distressed,1.15,0.52,2.78,1.11,3.07,1.08,2.66,1.33,1.69,0.99
disturb,1.09,0.38,3.06,1.15,1.76,1.05,1.83,1.14,1.64,1.06
diver,2.29,1.39,1.27,0.81,1.27,0.81,1.88,1.26,1.27,0.85
divorce,1.02,0.12,3.52,1.23,4.03,1.01,3.33,1.47,2.71,1.51
doctor,2.74,1.49,1.75,1.02,1.76,1.00,2.73,1.17,1.41,0.74
dog,4.04,1.32,1.34,0.77,1.59,0.99,1.41,0.83,1.33,0.78
doll,2.90,1.54,1.25,0.73,1.36,0.89,1.36,0.81,1.24,0.74
dollar,3.46,1.33,1.29,0.76,1.21,0.65,1.36,0.83,1.32,0.89
door,1.73,1.08,1.53,0.88,1.41,0.77,1.54,0.97,1.32,0.86
dove,3.56,1.45,1.09,0.38,1.26,0.71,1.09,0.34,1.09,0.34
dreadful,1.19,0.76,2.29,1.23,3.03,1.26,2.96,1.28,2.29,1.40
dream,3.97,1.11,1.54,1.05,1.78,1.20,1.82,1.14,1.42,0.99
dreary,1.21,0.73,1.64,0.83,3.39,1.26,1.73,1.10,1.45,0.86
dress,3.14,1.49,1.21,0.51,1.18,0.49,1.21,0.62,1.12,0.41
drown,1.08,0.51,2.63,1.46,3.81,1.30,4.20,1.12,1.98,1.29
dummy,1.27,0.62,1.84,1.14,2.26,1.25,1.60,1.09,1.62,1.10
dump,1.1,0.34,2.51,1.37,2.86,1.48,2.27,1.34,2.87,1.63
dustpan,1.17,0.60,1.15,0.47,1.11,0.47,1.14,0.49,1.71,0.99
earth,3.62,1.14,1.70,1.10,1.97,1.23,1.93,1.23,1.69,1.19
easy,3.92,1.31,1.11,0.35,1.15,0.48,1.19,0.68,1.09,0.43
easygoing,3.98,1.17,1.14,0.43,1.14,0.43,1.14,0.52,1.11,0.47
eat,3.75,1.33,1.68,1.22,1.75,1.25,1.71,1.20,1.72,1.22
ecstasy,4.08,1.25,1.34,0.83,1.31,0.80,1.80,1.19,1.52,1.04
education,3.82,1.18,1.45,0.84,1.29,0.74,1.50,0.93,1.20,0.71
egg,1.86,1.23,1.17,0.50,1.14,0.48,1.19,0.52,1.42,0.88
elated,3.93,1.28,1.22,0.62,1.19,0.49,1.17,0.44,1.12,0.36
elbow,1.44,1.01,1.23,0.81,1.23,0.76,1.27,0.77,1.21,0.64
elegant,3.46,1.27,1.15,0.43,1.21,0.56,1.08,0.33,1.11,0.40
elevator,1.5,0.93,1.15,0.47,1.15,0.53,1.68,1.03,1.12,0.41
embarrassed,1.27,0.69,2.61,1.21,2.85,1.12,3.04,1.30,1.95,1.08
embattled,1.3,0.60,2.27,1.09,2.10,1.00,2.63,1.19,1.73,0.87
employment,3.58,1.38,2.00,1.23,1.70,1.03,2.13,1.19,1.55,1.05
engaged,4.33,1.10,1.28,0.74,1.31,0.56,2.22,1.23,1.19,0.50
engine,1.61,1.13,1.21,0.60,1.14,0.45,1.31,0.70,1.31,0.76
enjoyment,4.55,0.80,1.03,0.16,1.06,0.30,1.08,0.31,1.08,0.31
ennui,1.35,0.59,1.35,0.63,1.30,0.61,1.38,0.72,1.31,0.63
enraged,1.03,0.24,4.18,1.26,2.17,1.20,2.59,1.49,1.84,1.27
erotic,3.66,1.16,1.24,0.60,1.13,0.45,1.31,0.60,1.54,0.86
errand,1.74,0.98,1.69,0.95,1.29,0.61,1.21,0.61,1.41,0.84
event,2.62,1.32,1.42,0.82,1.47,0.95,1.38,0.78,1.21,0.62
evil,1.03,0.17,3.82,1.09,2.97,1.37,3.96,1.18,2.79,1.56
excellence,4.49,0.83,1.15,0.39,1.15,0.39,1.28,0.77,1.19,0.49
excitement,4.56,0.87,1.25,0.64,1.13,0.38,1.36,0.88,1.13,0.55
excuse,1.6,1.00,2.17,1.22,1.56,0.92,1.60,0.97,1.93,1.15
execution,1.12,0.58,3.29,1.55,3.60,1.44,3.44,1.59,3.17,1.63
exercise,3.52,1.44,1.58,0.96,1.47,0.87,1.53,1.01,1.40,0.92
fabric,1.99,1.19,1.21,0.63,1.21,0.67,1.15,0.60,1.25,0.71
face,3.12,1.45,1.84,1.25,2.00,1.33,1.86,1.30,1.74,1.15
failure,1.14,0.57,3.66,1.30,4.06,1.00,3.90,1.08,2.86,1.51
fall,2.64,1.63,1.51,0.96,1.50,0.71,1.71,1.18,1.25,0.75
false,1.22,0.71,2.62,1.22,2.11,1.18,2.00,1.17,1.59,0.92
fame,3.61,1.26,1.30,0.74,1.26,0.69,1.42,0.84,1.29,0.72
family,4.61,0.76,1.47,0.90,1.50,0.90,1.24,0.66,1.09,0.34
famous,3.32,1.39,1.30,0.68,1.21,0.57,1.20,0.53,1.38,0.72
fantasy,4.07,1.33,1.19,0.66,1.31,0.64,1.25,0.64,1.22,0.79
farm,2.52,1.32,1.30,0.64,1.45,0.92,1.41,0.84,1.76,1.05
fascinate,3.66,1.09,1.30,0.74,1.25,0.63,1.44,0.81,1.18,0.54
fat,1.42,0.88,2.68,1.38,3.18,1.26,2.84,1.35,3.55,1.36
father,3.79,1.39,1.62,1.05,1.77,1.29,1.49,1.01,1.23,0.83
fatigued,1.39,0.85,1.70,0.93,2.03,1.06,1.49,0.79,1.55,0.87
fault,1.19,0.50,2.66,1.21,2.17,1.08,2.42,1.29,1.73,1.14
favor,3.16,1.41,1.30,0.67,1.14,0.42,1.25,0.65,1.29,0.84
fear,1.12,0.43,2.27,1.28,2.52,1.23,4.37,1.13,1.64,1.09
fearful,1.11,0.53,2.26,1.26,2.47,1.34,4.24,1.16,1.64,1.09
feeble,1.49,0.92,1.66,0.95,2.03,1.10,1.61,0.96,1.44,0.89
festive,4.3,1.05,1.25,0.71,1.30,0.76,1.25,0.71,1.21,0.65
fever,1.1,0.42,2.00,1.13,2.46,1.09,2.19,1.19,1.79,1.06
field,2.4,1.49,1.22,0.68,1.26,0.71,1.33,0.75,1.13,0.47
fight,1.44,1.05,3.70,1.31,2.76,1.43,3.09,1.34,2.15,1.41
filth,1.25,0.78,2.44,1.32,2.41,1.23,2.13,1.27,4.29,1.06
finger,1.92,1.30,1.38,0.85,1.30,0.71,1.31,0.75,1.35,0.79
fire,1.38,0.81,2.53,1.18,2.94,1.37,3.53,1.23,1.84,1.17
fireworks,3.68,1.17,1.21,0.58,1.15,0.49,1.75,1.06,1.14,0.48
fish,2.56,1.58,1.14,0.48,1.32,0.80,1.35,0.77,1.61,0.96
flabby,1.31,0.79,1.93,1.04,2.38,1.27,2.18,1.26,3.50,1.41
flag,3.13,1.37,1.42,0.75,1.59,0.99,1.44,0.89,1.23,0.71
flirt,3.83,1.13,1.48,0.88,1.34,0.72,1.41,0.80,1.52,1.00
flood,1.17,0.52,2.42,1.18,3.66,1.12,3.39,1.35,2.33,1.46
flower,3.67,1.42,1.25,0.82,1.38,0.93,1.21,0.69,1.17,0.67
foam,1.86,1.15,1.17,0.50,1.18,0.56,1.28,0.75,1.47,0.92
food,3.75,1.21,1.47,1.06,1.26,0.75,1.31,0.72,1.61,1.03
foot,1.63,0.93,1.32,0.69,1.27,0.70,1.34,0.72,2.35,1.34
fork,1.66,1.02,1.22,0.55,1.18,0.56,1.34,0.80,1.29,0.78
foul,1.25,0.71,2.67,1.30,1.73,1.01,1.89,1.17,3.06,1.55
fragrance,3.81,1.19,1.27,0.65,1.46,0.85,1.15,0.46,1.93,1.20
fraud,1.14,0.45,3.07,1.17,2.28,1.08,2.21,1.14,2.47,1.43
free,4.36,0.89,1.15,0.59,1.15,0.47,1.33,0.83,1.09,0.46
freedom,4.42,0.94,1.28,0.63,1.43,0.88,1.69,1.15,1.15,0.61
friend,4.53,0.92,1.36,0.77,1.49,0.88,1.31,0.80,1.13,0.55
friendly,4.59,0.63,1.12,0.48,1.09,0.38,1.09,0.34,1.06,0.24
frigid,1.26,0.62,1.95,1.06,2.04,1.07,2.26,1.23,1.78,1.13
frog,2.18,1.24,1.19,0.64,1.25,0.71,1.39,0.90,1.83,1.16
frustrated,1.00,0.01,3.88,1.03,2.39,1.26,2.24,1.27,1.92,1.32
fun,4.66,0.82,1.04,0.19,1.07,0.30,1.12,0.36,1.03,0.16
funeral,1.07,0.48,2.75,1.33,4.50,0.95,3.19,1.32,1.73,1.14
fungus,1.17,0.66,1.49,1.08,1.45,1.01,1.82,1.34,3.65,1.36
fur,2.53,1.36,1.61,1.11,1.78,1.21,1.41,0.87,1.99,1.32
game,3.53,1.33,1.89,1.17,1.59,0.89,1.47,0.84,1.20,0.51
gangrene,1.11,0.53,1.90,1.28,2.50,1.43,2.89,1.51,3.58,1.54
garbage,1.11,0.61,1.77,1.13,1.46,0.96,1.55,1.13,3.67,1.30
garden,3.42,1.54,1.17,0.57,1.12,0.46,1.12,0.43,1.25,0.71
garment,2.31,1.40,1.32,0.71,1.27,0.70,1.20,0.55,1.25,0.63
garter,2.96,1.49,1.24,0.63,1.12,0.49,1.24,0.63,1.22,0.58
gender,2.59,1.47,1.45,0.87,1.41,0.89,1.31,0.73,1.42,0.91
gentle,3.95,1.06,1.20,0.72,1.34,0.84,1.20,0.69,1.13,0.42
germs,1.23,0.69,1.70,0.90,1.84,0.98,2.78,1.30,3.81,1.29
gift,4.56,0.94,1.19,0.75,1.19,0.59,1.30,0.81,1.11,0.51
girl,3.68,1.30,1.56,0.98,1.74,1.09,1.63,0.94,1.35,0.85
glacier,1.77,1.08,1.20,0.61,1.30,0.70,2.02,1.17,1.12,0.48
glamour,3.31,1.24,1.28,0.59,1.26,0.53,1.21,0.50,1.46,0.93
glass,1.89,1.13,1.36,0.76,1.41,0.83,1.84,1.06,1.17,0.61
gloom,1.15,0.55,1.90,1.08,3.42,1.26,1.97,1.28,1.69,0.99
glory,4.18,1.14,1.29,0.76,1.27,0.79,1.31,0.75,1.22,0.74
god,3.92,1.32,1.38,0.96,1.41,0.93,1.89,1.34,1.09,0.55
gold,3.61,1.23,1.17,0.58,1.10,0.34,1.08,0.37,1.29,0.80
golfer,3.34,1.45,1.50,0.89,1.27,0.72,1.16,0.51,1.31,0.87
good,4.42,0.86,1.17,0.65,1.14,0.49,1.21,0.61,1.13,0.48
gossip,1.39,0.80,3.44,1.15,2.54,1.38,2.14,1.32,3.06,1.57
graduate,4.24,1.17,1.13,0.47,1.80,1.20,2.17,1.31,1.11,0.45
grass,2.79,1.44,1.25,0.63,1.13,0.44,1.17,0.52,1.18,0.45
grateful,4.06,1.21,1.13,0.47,1.18,0.56,1.01,0.12,1.06,0.29
greed,1.41,0.86,3.14,1.38,2.68,1.36,2.27,1.43,2.94,1.51
green,3.13,1.54,1.10,0.34,1.17,0.47,1.07,0.26,1.14,0.42
greet,3.52,1.17,1.24,0.62,1.21,0.53,1.38,0.74,1.14,0.46
grenade,1.1,0.52,3.07,1.47,2.66,1.44,3.60,1.29,2.28,1.44
grief,1.11,0.46,2.55,1.30,4.08,1.12,2.41,1.28,1.55,0.98
grime,1.08,0.36,1.86,1.08,1.47,0.83,1.82,1.24,3.74,1.38
grin,4.14,1.00,1.32,0.81,1.21,0.70,1.30,0.73,1.16,0.47
gripe,1.13,0.41,2.68,1.29,1.91,1.22,1.56,0.99,2.06,1.21
guillotine,1.08,0.31,2.70,1.44,2.72,1.58,3.21,1.49,2.97,1.61
guilty,1.08,0.32,2.67,1.33,3.03,1.39,2.80,1.44,2.21,1.39
gun,1.24,0.63,3.02,1.42,2.88,1.45,3.83,1.24,2.30,1.44
gymnast,2.86,1.60,1.18,0.45,1.21,0.50,1.64,1.04,1.22,0.70
habit,1.95,1.23,1.83,1.08,1.56,0.83,1.64,1.01,1.69,1.15
hairdryer,1.88,1.20,1.42,0.80,1.14,0.51,1.26,0.63,1.15,0.60
hairpin,1.5,0.80,1.23,0.61,1.19,0.54,1.19,0.51,1.23,0.54
hamburger,2.95,1.45,1.18,0.58,1.15,0.50,1.21,0.60,1.44,0.84
hammer,1.31,0.70,1.82,1.21,1.28,0.72,1.60,1.08,1.23,0.70
hand,1.93,1.31,1.26,0.64,1.23,0.63,1.23,0.54,1.18,0.48
handicap,1.21,0.65,2.00,1.28,3.33,1.33,2.33,1.37,1.26,0.63
handsome,4.25,1.20,1.17,0.61,1.11,0.31,1.30,0.79,1.08,0.32
haphazard,1.35,0.64,2.13,1.12,1.74,0.89,2.42,1.30,1.92,1.18
happy,4.68,0.84,1.08,0.37,1.17,0.61,1.11,0.40,1.10,0.38
hard,1.65,1.16,2.22,1.31,1.75,1.08,2.21,1.40,1.40,0.91
hardship,1.12,0.47,2.84,1.21,3.36,1.25,2.91,1.35,1.76,1.10
hat,2.18,1.31,1.15,0.47,1.15,0.47,1.14,0.46,1.18,0.62
hate,1.02,0.12,4.06,1.11,3.24,1.37,3.18,1.40,3.02,1.57
hatred,1.11,0.48,4.20,1.12,3.38,1.43,3.30,1.40,3.59,1.39
hawk,1.92,1.24,1.20,0.59,1.14,0.52,1.82,1.01,1.17,0.60
hay,1.73,1.14,1.14,0.46,1.12,0.48,1.17,0.51,1.27,0.62
headache,1.05,0.37,2.85,1.46,2.42,1.38,2.17,1.39,1.97,1.36
headlight,1.88,1.06,1.53,0.93,1.41,0.89,1.77,1.08,1.27,0.82
heal,3.8,1.24,1.23,0.58,1.36,0.72,1.41,0.93,1.15,0.47
health,4.23,0.99,1.67,0.99,1.88,1.09,2.23,1.23,1.47,0.91
heart,3.71,1.38,1.38,0.91,1.74,1.11,1.53,0.92,1.31,0.90
heaven,4.57,0.92,1.15,0.60,1.33,0.86,1.57,0.90,1.11,0.57
hell,1.15,0.60,3.23,1.57,3.29,1.45,3.86,1.46,2.76,1.74
helpless,1.09,0.34,2.74,1.39,3.59,1.08,3.09,1.40,1.82,1.14
heroin,1.6,1.33,2.67,1.63,2.77,1.56,2.89,1.66,3.39,1.69
hide,1.4,0.88,1.57,1.11,1.90,1.33,2.91,1.58,1.29,0.70
highway,2.13,1.35,1.61,1.09,1.40,0.94,1.63,1.00,1.21,0.60
hinder,1.4,0.70,2.61,1.16,2.41,1.09,2.23,1.21,1.95,1.06
history,2.00,1.22,1.50,0.93,1.71,1.01,1.54,0.96,1.53,1.01
hit,1.56,1.10,3.23,1.39,2.53,1.27,2.78,1.39,2.28,1.34
holiday,4.67,0.66,1.18,0.58,1.45,0.79,1.20,0.66,1.09,0.52
home,4.1,1.37,1.42,0.80,1.73,1.13,1.32,0.82,1.22,0.72
honest,3.98,1.07,1.30,0.82,1.36,0.72,1.53,0.96,1.05,0.21
honey,3.24,1.38,1.14,0.39,1.20,0.56,1.12,0.41,1.32,0.95
honor,4.15,1.10,1.30,0.80,1.34,0.79,1.34,0.81,1.28,0.85
hooker,1.29,0.89,1.89,1.28,2.64,1.41,1.73,1.25,3.64,1.39
hope,4.07,1.05,1.10,0.34,1.35,0.72,1.32,0.77,1.10,0.42
hopeful,4.14,1.03,1.25,0.58,1.57,1.00,1.47,0.86,1.15,0.60
horror,1.18,0.56,2.06,1.24,2.08,1.29,3.82,1.26,1.96,1.29
horse,2.78,1.58,1.17,0.44,1.18,0.60,1.51,0.85,1.22,0.60
hospital,1.44,0.86,1.79,1.06,3.32,1.24,3.31,1.28,1.99,1.13
hostage,1.15,0.60,2.79,1.23,2.82,1.19,3.39,1.43,2.03,1.19
hostile,1.1,0.50,3.83,1.29,2.31,1.37,2.97,1.49,2.06,1.39
hotel,2.92,1.37,1.25,0.71,1.40,0.83,1.36,0.79,1.60,1.06
house,3.17,1.59,1.19,0.52,1.29,0.68,1.15,0.46,1.25,0.73
hug,4.32,1.10,1.12,0.62,1.39,0.87,1.16,0.59,1.08,0.51
humane,2.84,1.49,1.17,0.44,1.23,0.59,1.23,0.61,1.13,0.44
humble,3.13,1.44,1.32,0.71,1.58,1.01,1.32,0.89,1.11,0.36
humiliate,1.17,0.51,3.65,1.33,3.69,1.19,3.32,1.27,2.80,1.40
humor,4.47,1.06,1.15,0.52,1.22,0.60,1.19,0.66,1.26,0.70
hungry,1.43,0.87,1.74,1.01,1.96,1.04,1.47,0.82,1.49,0.86
hurricane,1.07,0.39,2.90,1.47,3.86,1.31,3.72,1.43,2.11,1.53
hurt,1.11,0.54,3.28,1.30,3.64,1.13,3.20,1.23,2.27,1.44
hydrant,1.62,0.97,1.16,0.46,1.17,0.50,1.19,0.51,1.16,0.62
icebox,1.83,1.13,1.28,0.74,1.34,0.88,1.44,1.01,1.16,0.54
idea,3.06,1.19,1.32,0.68,1.33,0.71,1.32,0.68,1.21,0.57
identity,2.47,1.39,1.41,0.82,1.33,0.69,1.58,0.88,1.12,0.41
idiot,1.34,0.82,2.31,1.44,1.97,1.18,1.61,1.15,1.81,1.09
idol,2.92,1.47,1.36,0.84,1.53,1.01,1.42,0.84,1.39,0.89
ignorance,1.28,0.72,3.10,1.35,2.61,1.40,2.23,1.44,2.70,1.49
illness,1.11,0.54,2.50,1.16,3.28,1.16,3.28,1.14,2.39,1.42
imagine,3.58,1.27,1.18,0.61,1.26,0.64,1.56,0.99,1.15,0.59
immature,1.49,0.79,2.61,1.34,1.59,0.90,1.46,0.86,2.04,1.27
immoral,1.21,0.63,2.69,1.36,2.35,1.20,2.03,1.16,2.43,1.43
impair,1.18,0.52,2.20,1.20,2.33,1.15,2.31,1.28,1.68,1.04
impotent,1.23,0.66,2.04,1.05,2.38,1.23,2.14,1.26,1.94,1.12
impressed,3.66,1.22,1.18,0.45,1.10,0.35,1.30,0.74,1.09,0.40
improve,3.96,1.20,1.29,0.78,1.25,0.76,1.47,0.92,1.06,0.23
incentive,3.55,1.44,1.34,0.78,1.25,0.69,1.42,0.79,1.25,0.78
indifferent,1.61,0.90,1.73,0.93,1.67,0.89,1.55,0.87,1.47,0.76
industry,1.89,1.11,1.61,0.97,1.48,0.80,1.41,0.83,1.69,1.17
infant,3.73,1.35,1.20,0.66,1.14,0.46,1.52,1.07,1.15,0.40
infatuation,3.05,1.44,1.58,0.94,1.52,0.93,1.63,1.02,1.43,0.78
infection,1.13,0.58,2.39,1.42,2.83,1.32,3.47,1.38,3.48,1.33
inferior,1.2,0.71,2.76,1.45,2.35,1.32,2.15,1.35,1.86,1.18
inhabitant,1.72,1.14,1.15,0.46,1.22,0.63,1.28,0.61,1.17,0.61
injury,1.17,0.58,2.42,1.20,2.93,1.04,2.76,1.25,1.74,1.05
ink,1.69,1.17,1.27,0.67,1.15,0.57,1.19,0.68,1.19,0.66
innocent,3.17,1.34,1.37,0.80,1.49,0.89,1.66,1.03,1.27,0.70
insane,1.14,0.58,2.45,1.39,2.74,1.27,3.05,1.52,1.85,1.08
insect,1.58,0.86,1.50,0.98,1.27,0.76,2.61,1.25,2.96,1.44
insecure,1.09,0.42,2.14,1.09,3.15,1.23,2.98,1.46,1.74,1.03
insolent,1.41,0.67,2.02,1.03,2.24,1.06,1.93,1.10,1.82,0.99
inspire,3.85,1.23,1.15,0.46,1.19,0.49,1.14,0.45,1.11,0.40
inspired,4.05,1.07,1.18,0.61,1.18,0.52,1.24,0.66,1.09,0.42
insult,1.11,0.56,3.50,1.29,2.67,1.33,2.17,1.38,2.30,1.54
intellect,3.11,1.37,1.35,0.66,1.18,0.46,1.32,0.63,1.21,0.56
intercourse,4.38,0.98,1.13,0.38,1.30,0.66,1.64,1.07,1.23,0.53
interest,3.18,1.28,1.42,0.73,1.39,0.73,1.49,0.81,1.30,0.66
intimate,4.19,1.23,1.19,0.54,1.43,0.89,1.68,1.11,1.09,0.29
intruder,1.06,0.39,3.52,1.34,2.29,1.51,3.85,1.28,2.55,1.49
invader,1.07,0.48,3.38,1.45,2.40,1.39,3.65,1.30,2.68,1.55
invest,2.88,1.46,1.32,0.80,1.30,0.71,2.01,1.31,1.20,0.67
iron,1.39,0.86,1.52,1.03,1.20,0.54,1.42,0.92,1.12,0.40
irritate,1.16,0.56,3.69,1.18,1.96,1.19,1.92,1.22,2.06,1.43
item,1.61,1.12,1.32,0.82,1.24,0.66,1.24,0.64,1.22,0.70
jail,1.15,0.53,3.25,1.31,3.32,1.37,3.59,1.46,3.23,1.55
jealousy,1.15,0.66,3.42,1.12,2.89,1.30,2.58,1.45,2.41,1.37
jelly,2.5,1.24,1.11,0.43,1.08,0.40,1.11,0.40,1.29,0.68
jewel,3.86,1.21,1.15,0.50,1.15,0.40,1.09,0.34,1.12,0.41
joke,4.18,1.00,1.36,0.78,1.17,0.57,1.14,0.42,1.43,0.82
jolly,4.61,0.71,1.06,0.25,1.13,0.59,1.05,0.28,1.13,0.55
journal,2.31,1.26,1.73,1.04,1.99,1.15,1.70,1.03,1.45,0.91
joy,4.53,0.89,1.07,0.35,1.15,0.52,1.08,0.37,1.10,0.54
joyful,4.7,0.74,1.06,0.39,1.03,0.25,1.00,0.00,1.00,0.00
jug,1.52,1.03,1.20,0.77,1.15,0.56,1.11,0.40,1.26,0.79
justice,3.58,1.29,1.58,0.94,1.49,0.88,1.59,1.01,1.39,0.84
kerchief,1.5,0.99,1.17,0.51,1.35,0.73,1.14,0.46,1.43,0.86
kerosene,1.28,0.74,1.77,1.24,1.59,1.10,2.12,1.41,1.68,1.00
ketchup,2.13,1.32,1.23,0.70,1.21,0.70,1.18,0.66,1.56,1.04
kettle,1.73,1.14,1.24,0.54,1.26,0.57,1.32,0.64,1.18,0.48
key,2.11,1.37,1.33,0.86,1.22,0.70,1.25,0.69,1.13,0.58
kick,1.61,1.11,2.35,1.32,1.51,0.86,1.78,1.06,1.46,0.98
kids,4.33,1.05,1.65,1.06,1.53,1.03,1.78,1.25,1.25,0.85
killer,1.01,0.11,4.18,1.12,3.64,1.44,4.31,1.18,3.65,1.55
kind,4.17,1.02,1.11,0.40,1.11,0.36,1.03,0.25,1.05,0.27
kindness,4.45,0.81,1.06,0.24,1.09,0.29,1.02,0.12,1.02,0.12
king,2.73,1.47,1.41,0.80,1.20,0.59,1.64,1.04,1.21,0.66
kiss,4.61,0.70,1.15,0.60,1.39,0.88,1.49,0.96,1.13,0.47
kitten,3.54,1.50,1.14,0.42,1.26,0.58,1.21,0.60,1.21,0.53
knife,1.19,0.64,2.61,1.41,2.15,1.33,3.49,1.33,1.97,1.36
knot,1.31,0.88,2.04,1.34,1.40,0.94,1.36,0.96,1.16,0.43
knowledge,3.4,1.41,1.17,0.56,1.18,0.59,1.28,0.61,1.15,0.46
lake,3.66,1.39,1.17,0.50,1.23,0.67,1.58,0.89,1.29,0.60
lamb,3.22,1.39,1.15,0.49,1.42,0.84,1.28,0.78,1.23,0.77
lamp,1.76,1.07,1.12,0.45,1.15,0.50,1.15,0.50,1.12,0.45
lantern,1.86,1.21,1.09,0.34,1.15,0.50,1.45,0.86,1.08,0.36
laughter,4.56,0.88,1.10,0.38,1.16,0.49,1.16,0.49,1.06,0.30
lavish,3.59,1.19,1.29,0.57,1.28,0.57,1.13,0.49,1.41,0.78
lawn,2.32,1.54,1.39,0.97,1.13,0.58,1.19,0.68,1.29,0.80
lawsuit,1.19,0.59,3.69,1.18,2.67,1.24,3.06,1.28,2.67,1.45
lazy,1.49,0.89,2.01,1.25,1.83,1.06,1.40,0.85,2.39,1.39
leader,3.55,1.36,1.48,0.92,1.20,0.53,1.55,0.88,1.23,0.63
learn,3.53,1.10,1.70,1.03,1.52,0.87,1.66,1.03,1.11,0.36
legend,2.50,1.37,1.18,0.48,1.35,0.75,1.42,0.80,1.13,0.44
leisurely,3.45,1.29,1.23,0.60,1.20,0.56,1.12,0.41,1.17,0.62
leprosy,1.19,0.63,2.09,1.10,3.24,1.35,3.13,1.45,3.00,1.45
lesbian,2.14,1.23,1.41,0.94,1.29,0.72,1.52,0.95,1.82,1.23
letter,2.92,1.54,1.32,0.86,1.48,0.98,1.48,0.98,1.21,0.69
liberty,3.89,1.23,1.26,0.62,1.35,0.69,1.38,0.87,1.11,0.39
lice,1.04,0.26,2.26,1.29,2.32,1.37,3.20,1.34,4.26,1.15
lie,1.11,0.55,3.82,1.13,3.22,1.35,2.61,1.47,3.29,1.50
life,4.56,0.75,1.78,0.90,2.00,1.04,2.02,1.05,1.36,0.76
lightbulb,2.19,1.45,1.13,0.37,1.04,0.26,1.03,0.24,1.06,0.29
lighthouse,2.33,1.32,1.10,0.42,1.35,0.77,1.24,0.64,1.14,0.48
lightning,1.93,1.34,1.91,1.23,1.51,0.93,2.91,1.38,1.19,0.59
limber,2.36,1.42,1.24,0.70,1.25,0.67,1.28,0.72,1.35,0.88
lion,2.11,1.23,1.56,1.02,1.23,0.65,2.73,1.36,1.15,0.53
listless,1.23,0.67,1.39,0.75,1.69,1.00,1.47,0.91,1.21,0.59
lively,4.16,1.06,1.17,0.59,1.07,0.30,1.07,0.30,1.07,0.30
locker,1.81,1.18,1.39,0.81,1.34,0.89,1.23,0.73,1.47,0.99
loneliness,1.18,0.72,1.99,1.06,3.89,1.19,2.72,1.33,1.56,1.02
lonely,1.17,0.53,2.32,1.12,4.14,1.05,3.01,1.25,1.68,0.97
loser,1.03,0.17,2.53,1.37,3.26,1.36,2.35,1.35,1.89,1.33
lost,1.34,0.98,2.43,1.34,2.90,1.30,3.47,1.30,1.66,1.14
lottery,4.03,1.25,1.80,1.16,1.63,1.05,1.34,0.76,1.42,0.77
louse,1.21,0.63,2.08,1.05,1.81,0.91,1.64,0.88,2.39,1.36
love,4.72,0.68,1.70,1.11,2.16,1.38,2.05,1.29,1.22,0.55
loved,4.77,0.49,1.14,0.43,1.35,0.77,1.48,1.01,1.05,0.27
loyal,4.22,1.11,1.22,0.65,1.30,0.82,1.41,0.91,1.16,0.64
lucky,4.33,0.95,1.38,0.81,1.29,0.80,1.22,0.65,1.19,0.62
lump,1.2,0.62,1.85,1.14,2.57,1.42,2.74,1.41,2.57,1.40
luscious,3.47,1.37,1.12,0.41,1.18,0.49,1.23,0.63,1.21,0.57
lust,3.33,1.37,1.44,0.75,1.52,0.93,1.70,1.01,1.58,1.01
luxury,4.08,1.17,1.20,0.56,1.18,0.49,1.12,0.48,1.33,0.77
machine,1.85,1.12,1.69,1.02,1.38,0.86,1.82,1.14,1.39,0.86
mad,1.14,0.52,4.03,1.10,2.64,1.34,2.65,1.44,1.86,1.23
madman,1.11,0.47,3.08,1.49,2.26,1.32,3.65,1.32,2.18,1.39
maggot,1.08,0.51,2.21,1.47,1.59,1.12,2.83,1.63,4.50,0.86
magical,3.88,1.13,1.14,0.39,1.17,0.51,1.41,0.76,1.11,0.56
mail,3.54,1.39,1.38,0.88,1.35,0.84,1.42,0.92,1.17,0.58
malaria,1.02,0.13,2.35,1.29,3.54,1.16,3.88,1.13,3.25,1.43
malice,1.14,0.45,3.39,1.32,2.45,1.21,2.54,1.33,2.13,1.28
man,3.34,1.59,1.98,1.24,1.81,1.15,1.80,1.06,1.70,1.09
mangle,1.39,0.93,2.61,1.22,2.58,1.20,2.91,1.35,2.60,1.43
maniac,1.34,0.84,3.02,1.33,2.33,1.29,3.63,1.13,2.58,1.32
manner,2.36,1.43,1.45,0.80,1.31,0.68,1.30,0.72,1.32,0.68
mantel,1.51,0.89,1.20,0.55,1.18,0.51,1.13,0.41,1.13,0.44
manure,1.18,0.64,1.53,1.07,1.27,0.71,1.48,0.87,3.54,1.46
market,2.13,1.19,1.44,0.73,1.39,0.76,1.48,0.86,1.39,0.80
massacre,1.02,0.12,3.85,1.33,3.94,1.30,3.79,1.39,3.50,1.44
masterful,3.14,1.22,1.46,0.75,1.27,0.72,1.41,0.80,1.24,0.69
masturbate,2.66,1.41,1.35,0.89,1.39,0.91,1.23,0.63,1.96,1.21
material,2.04,1.25,1.48,0.81,1.44,0.84,1.35,0.72,1.56,0.98
measles,1.06,0.39,2.01,1.29,2.77,1.29,2.81,1.42,2.88,1.48
medicine,2.74,1.33,1.35,0.89,1.71,1.05,2.00,1.15,1.48,0.86
meek,1.65,1.06,1.47,0.74,2.22,1.16,1.97,1.21,1.49,0.88
melody,4.09,1.06,1.33,0.93,1.50,1.07,1.20,0.62,1.19,0.59
memories,4.15,1.14,2.02,1.35,2.70,1.34,1.76,1.20,1.58,1.16
memory,3.36,1.42,2.00,1.24,2.47,1.38,1.92,1.26,1.69,1.10
menace,1.17,0.65,2.94,1.32,1.78,1.12,1.97,1.39,2.18,1.30
merry,4.38,0.97,1.07,0.31,1.14,0.42,1.08,0.50,1.08,0.33
messy,1.51,0.92,2.46,1.33,1.54,0.93,1.22,0.61,2.82,1.35
metal,1.48,0.95,1.38,0.76,1.35,0.92,1.48,1.03,1.15,0.53
method,1.57,1.05,1.26,0.71,1.25,0.71,1.29,0.80,1.22,0.70
mighty,2.92,1.40,1.44,0.84,1.20,0.64,1.68,1.05,1.17,0.62
mildew,1.07,0.35,1.56,1.02,1.49,0.95,1.93,1.24,3.32,1.40
milk,2.38,1.40,1.21,0.61,1.25,0.67,1.15,0.53,1.59,0.99
millionaire,3.78,1.47,1.26,0.63,1.36,0.76,1.33,0.75,1.39,0.78
mind,2.99,1.51,1.92,1.19,2.00,1.29,2.14,1.33,1.76,1.18
miracle,4.6,0.78,1.13,0.48,1.27,0.70,1.24,0.69,1.13,0.45
mischief,2.11,1.27,1.92,1.00,1.51,0.93,2.10,1.21,1.75,1.11
misery,1.05,0.32,2.90,1.54,4.32,0.99,3.06,1.56,2.36,1.52
mistake,1.19,0.57,2.57,1.09,2.42,1.17,2.49,1.24,1.76,1.03
mobility,3.17,1.50,1.39,0.81,1.41,0.81,1.61,1.02,1.33,0.86
modest,2.61,1.30,1.46,0.77,1.36,0.63,1.40,0.78,1.30,0.68
mold,1.13,0.58,1.67,1.11,1.33,0.75,1.57,0.92,3.50,1.55
moment,2.65,1.33,1.54,0.99,1.57,1.01,1.51,0.95,1.23,0.72
money,4.23,0.94,2.06,1.19,1.92,1.13,2.02,1.20,2.03,1.38
month,1.66,1.10,1.18,0.55,1.21,0.62,1.26,0.69,1.14,0.52
moody,1.38,0.89,3.00,1.17,2.64,1.21,2.01,1.27,1.81,1.11
moral,3.18,1.36,1.69,1.01,1.51,0.91,1.45,0.84,1.44,0.89
morbid,1.21,0.65,2.23,1.15,3.16,1.12,3.01,1.28,3.19,1.34
morgue,1.02,0.12,2.15,1.47,3.78,1.33,3.56,1.45,3.17,1.50
mosquito,1.31,0.86,2.85,1.54,1.58,1.05,2.31,1.34,2.97,1.53
mother,4.42,0.89,1.73,1.20,1.62,1.11,1.40,0.96,1.17,0.67
mountain,2.97,1.35,1.31,0.72,1.26,0.64,2.08,1.13,1.18,0.48
movie,3.93,1.22,1.73,1.10,2.13,1.23,1.93,1.25,1.66,1.10
mucus,1.16,0.59,1.32,0.78,1.31,0.86,1.54,1.15,4.14,1.12
muddy,2.00,1.23,1.84,1.07,1.52,0.78,1.45,0.87,2.55,1.36
muffin,3.58,1.31,1.12,0.48,1.15,0.50,1.14,0.52,1.15,0.56
murderer,1.11,0.54,4.34,1.00,4.03,1.18,4.40,1.02,4.30,1.18
muscular,3.15,1.42,1.58,0.91,1.22,0.65,1.77,1.05,1.70,1.00
museum,2.23,1.30,1.30,0.76,1.36,0.74,1.24,0.68,1.17,0.54
mushroom,1.85,1.38,1.17,0.51,1.23,0.60,1.58,1.01,2.06,1.43
music,4.26,1.03,1.63,1.14,1.79,1.23,1.32,0.87,1.22,0.75
mutation,1.18,0.45,2.10,1.28,2.46,1.40,2.63,1.40,2.81,1.49
mutilate,1.17,0.61,2.81,1.50,2.68,1.34,3.03,1.48,3.33,1.62
mystic,2.53,1.39,1.25,0.73,1.46,0.83,1.63,0.94,1.17,0.52
naked,3.36,1.49,1.18,0.54,1.35,0.84,1.93,1.17,1.61,1.00
name,2.54,1.44,1.49,0.85,1.39,0.84,1.32,0.72,1.26,0.57
narcotic,1.8,1.14,2.63,1.39,2.88,1.41,2.84,1.44,3.11,1.56
nasty,1.21,0.75,2.36,1.34,1.89,1.27,2.08,1.33,3.89,1.33
natural,3.24,1.34,1.38,0.68,1.41,0.77,1.48,0.81,1.34,0.70
nature,3.55,1.49,1.21,0.55,1.34,0.75,1.42,0.85,1.43,0.92
nectar,2.62,1.42,1.28,0.79,1.18,0.60,1.26,0.78,1.18,0.67
needle,1.44,0.87,1.67,0.99,1.58,1.02,2.52,1.36,1.77,1.18
neglect,1.15,0.69,3.46,1.30,3.58,1.31,2.81,1.50,3.08,1.53
nervous,1.3,0.71,1.77,1.05,2.08,1.29,3.41,1.30,1.45,0.86
neurotic,1.17,0.62,2.13,1.30,1.95,1.23,2.41,1.41,1.81,1.30
news,2.14,1.28,2.09,1.17,2.45,1.29,2.33,1.31,2.09,1.28
nice,4.27,1.10,1.11,0.42,1.16,0.50,1.14,0.45,1.12,0.50
nightmare,1.06,0.23,2.52,1.38,2.70,1.40,4.01,1.06,2.13,1.38
nipple,3.00,1.39,1.22,0.60,1.25,0.69,1.28,0.74,1.58,0.87
noisy,1.39,0.78,2.97,1.12,1.39,0.93,1.41,0.94,1.45,0.91
nonchalant,1.85,1.08,1.40,0.70,1.31,0.61,1.26,0.60,1.47,0.88
nonsense,1.48,1.06,1.88,0.90,1.36,0.76,1.33,0.71,1.55,1.00
noose,1.26,0.74,2.72,1.39,2.97,1.42,3.27,1.46,2.71,1.44
nourish,3.61,1.19,1.38,0.79,1.55,1.00,1.35,0.80,1.30,0.79
nude,3.03,1.40,1.22,0.75,1.18,0.61,1.57,0.90,1.67,1.02
nuisance,1.21,0.60,2.90,1.20,1.73,1.01,1.55,0.87,2.14,1.23
nun,2.32,1.26,1.39,0.87,1.61,1.09,1.35,0.79,1.20,0.65
nurse,2.48,1.49,1.23,0.74,1.53,0.93,1.82,1.15,1.15,0.59
nursery,3.23,1.41,1.17,0.60,1.24,0.63,1.21,0.71,1.14,0.46
obesity,1.15,0.46,2.32,1.31,2.83,1.36,2.47,1.39,3.22,1.42
obey,1.92,1.21,2.06,1.16,1.58,0.90,1.68,0.98,1.50,0.90
obnoxious,1.25,0.58,3.32,1.37,1.54,0.88,1.49,0.92,2.75,1.37
obscene,1.33,0.73,2.47,1.26,1.78,1.09,1.88,1.28,3.00,1.33
obsession,2.03,1.15,1.98,1.03,2.06,1.13,2.61,1.28,2.17,1.25
ocean,4.14,1.08,1.23,0.56,1.33,0.74,2.17,1.25,1.20,0.74
odd,1.65,0.87,1.48,0.79,1.44,0.77,1.58,0.81,1.48,0.71
offend,1.14,0.39,3.62,1.18,2.96,1.34,2.24,1.31,2.54,1.41
office,1.9,0.97,2.14,1.15,1.94,1.01,1.89,1.02,1.70,0.98
opinion,2.44,1.39,1.78,1.09,1.36,0.72,1.51,0.90,1.49,0.92
optimism,4.22,1.04,1.08,0.37,1.08,0.37,1.25,0.73,1.08,0.44
option,2.89,1.53,1.32,0.80,1.19,0.55,1.57,1.11,1.08,0.33
orchestra,3.23,1.45,1.42,0.81,1.58,0.97,1.18,0.51,1.15,0.54
orgasm,4.63,0.72,1.11,0.36,1.09,0.34,1.25,0.67,1.16,0.41
outdoors,3.96,1.27,1.22,0.67,1.24,0.59,1.69,0.96,1.43,0.86
outrage,1.1,0.46,3.94,1.24,2.25,1.25,2.58,1.37,2.14,1.41
outstanding,3.92,1.29,1.18,0.51,1.15,0.49,1.22,0.61,1.17,0.58
overcast,1.31,0.73,1.92,1.14,3.04,1.19,1.66,1.04,1.85,1.17
overwhelmed,1.5,0.98,2.62,1.36,2.35,1.27,2.73,1.22,1.56,0.98
owl,1.89,1.28,1.34,0.82,1.58,1.10,1.60,1.07,1.17,0.62
pain,1.10,0.45,3.33,1.16,3.36,1.27,3.47,1.11,2.17,1.24
paint,2.45,1.50,1.38,0.81,1.26,0.70,1.22,0.62,1.21,0.57
palace,4.14,1.17,1.31,0.61,1.23,0.56,1.25,0.67,1.13,0.38
pamphlet,1.56,0.95,1.33,0.67,1.16,0.49,1.16,0.55,1.20,0.55
pancakes,3.94,1.18,1.14,0.43,1.22,0.68,1.08,0.32,1.33,0.74
panic,1.2,0.68,2.34,1.29,2.54,1.32,3.96,1.28,1.68,0.95
paper,1.61,0.95,1.77,1.20,1.51,0.98,1.51,0.98,1.58,1.05
paradise,4.79,0.57,1.09,0.34,1.09,0.34,1.05,0.37,1.02,0.12
paralysis,1.11,0.42,2.42,1.46,3.41,1.36,3.10,1.36,1.74,1.22
part,1.58,1.16,1.28,0.61,1.49,0.98,1.37,0.79,1.26,0.75
party,4.31,1.02,1.26,0.77,1.24,0.74,1.38,0.76,1.26,0.77
passage,1.92,1.09,1.20,0.51,1.36,0.82,1.58,1.00,1.14,0.50
passion,4.3,0.88,1.72,1.15,1.44,0.91,1.58,0.95,1.34,0.83
pasta,3.2,1.29,1.13,0.55,1.11,0.40,1.08,0.37,1.28,0.72
patent,1.72,1.18,1.33,0.86,1.33,0.86,1.42,0.98,1.23,0.74
patient,2.18,1.16,1.70,1.01,2.00,1.28,1.82,1.28,1.32,0.86
patriot,3.24,1.31,1.65,1.01,1.62,1.02,1.73,0.98,1.38,0.93
peace,4.62,0.87,1.20,0.62,1.37,0.83,1.32,0.75,1.14,0.49
penalty,1.21,0.82,2.71,1.20,2.00,1.03,2.17,1.31,1.46,0.90
pencil,1.36,0.83,1.39,1.01,1.18,0.63,1.12,0.60,1.29,0.86
penis,2.82,1.38,1.37,0.74,1.32,0.77,1.75,1.01,1.90,1.03
penthouse,3.17,1.49,1.39,0.81,1.38,0.85,1.29,0.70,1.92,1.34
people,3.13,1.36,1.91,1.22,1.90,1.26,1.93,1.21,1.72,1.15
perfection,3.64,1.24,1.50,0.90,1.47,0.85,1.70,1.08,1.36,0.69
perfume,3.26,1.43,1.23,0.63,1.21,0.60,1.09,0.34,1.39,0.80
person,3.27,1.32,2.24,1.35,2.25,1.32,2.24,1.28,1.99,1.28
pervert,1.06,0.37,3.22,1.57,2.55,1.57,2.94,1.65,4.31,1.21
pest,1.13,0.41,3.39,1.20,1.83,1.12,2.04,1.27,2.85,1.45
pet,4.16,1.11,1.36,0.73,1.66,0.91,1.24,0.64,1.27,0.58
phase,1.97,1.35,1.82,1.22,1.79,1.15,1.68,1.08,1.55,1.04
pie,3.86,1.28,1.22,0.70,1.19,0.47,1.16,0.54,1.33,0.67
pig,2.11,1.37,1.35,0.83,1.32,0.88,1.32,0.79,2.20,1.26
pillow,3.39,1.41,1.15,0.46,1.22,0.56,1.08,0.37,1.08,0.37
pinch,1.21,0.62,2.59,1.19,1.58,0.95,1.80,1.15,1.35,0.71
pistol,1.31,0.71,2.95,1.41,2.62,1.37,3.55,1.37,2.23,1.28
pity,1.12,0.45,1.83,1.17,3.12,1.31,1.88,1.27,1.83,1.21
pizza,3.7,1.35,1.15,0.61,1.09,0.52,1.15,0.56,1.44,1.02
plain,1.55,0.84,1.47,0.93,1.70,0.94,1.41,0.76,1.38,0.78
plane,2.53,1.28,1.47,0.89,1.66,1.00,2.73,1.23,1.26,0.85
plant,2.50,1.40,1.17,0.48,1.15,0.44,1.18,0.55,1.09,0.34
pleasure,4.76,0.66,1.11,0.39,1.11,0.39,1.26,0.68,1.22,0.60
poetry,3.02,1.44,1.61,1.07,2.12,1.30,1.56,1.04,1.29,0.76
poison,1.02,0.12,2.79,1.45,2.73,1.52,3.80,1.07,2.91,1.46
politeness,3.54,1.35,1.13,0.44,1.17,0.50,1.25,0.62,1.11,0.40
pollute,1.03,0.25,2.86,1.26,2.80,1.21,2.64,1.34,3.76,1.29
poster,2.38,1.34,1.24,0.53,1.21,0.57,1.15,0.44,1.23,0.67
poverty,1.03,0.17,2.67,1.42,3.88,1.10,2.94,1.46,2.41,1.41
power,3.46,1.29,1.71,0.98,1.40,0.76,2.38,1.23,1.47,0.82
powerful,3.34,1.29,1.60,0.94,1.28,0.65,2.25,1.23,1.31,0.70
prairie,2.6,1.50,1.25,0.71,1.39,0.88,1.35,0.87,1.21,0.64
present,4.05,1.24,1.26,0.64,1.35,0.70,1.36,0.76,1.12,0.43
pressure,1.36,0.75,2.50,1.25,2.15,1.14,2.92,1.31,1.72,1.00
prestige,3.54,1.23,1.33,0.67,1.24,0.54,1.46,0.85,1.28,0.71
pretty,4.32,1.01,1.38,0.82,1.59,1.05,1.46,1.00,1.32,0.86
prick,1.20,0.64,3.17,1.44,1.96,1.17,1.85,1.31,2.65,1.49
pride,3.86,1.28,1.60,1.10,1.42,0.96,1.31,0.78,1.43,0.90
priest,2.85,1.57,1.43,0.90,1.32,0.77,1.47,0.95,1.56,1.09
prison,1.07,0.34,3.24,1.39,3.28,1.37,3.82,1.11,3.38,1.47
privacy,3.09,1.29,1.52,0.91,1.44,0.73,1.58,0.92,1.16,0.44
profit,3.99,1.27,1.37,0.78,1.25,0.60,1.31,0.71,1.24,0.62
progress,3.62,1.17,1.12,0.41,1.12,0.37,1.41,0.72,1.06,0.39
promotion,4.32,1.10,1.16,0.52,1.16,0.55,1.59,1.03,1.18,0.65
protected,4.11,1.18,1.24,0.70,1.33,0.86,1.47,0.98,1.08,0.40
proud,3.18,1.58,1.55,1.00,1.29,0.72,1.58,0.98,1.26,0.69
pungent,1.33,0.70,1.51,0.99,1.36,0.84,1.50,0.94,2.48,1.50
punishment,1.11,0.43,3.44,1.16,3.01,1.12,2.97,1.30,1.92,1.21
puppy,4.42,1.04,1.20,0.57,1.28,0.77,1.30,0.83,1.17,0.66
pus,1.1,0.42,1.49,0.95,1.42,0.82,1.71,1.14,4.03,1.39
putrid,1.42,0.78,1.91,0.95,1.81,0.99,1.89,1.04,3.19,1.55
python,1.31,0.80,1.68,1.14,1.52,1.13,3.55,1.35,2.39,1.49
quality,3.55,1.42,1.45,0.89,1.34,0.83,1.26,0.70,1.27,0.73
quarrel,1.11,0.39,3.50,1.41,2.34,1.33,2.30,1.38,1.64,0.92
quart,1.39,0.78,1.18,0.61,1.17,0.71,1.17,0.63,1.15,0.62
queen,2.90,1.38,1.44,0.98,1.29,0.78,1.49,1.02,1.21,0.73
quick,2.53,1.33,1.33,0.62,1.31,0.66,1.41,0.87,1.14,0.66
quiet,2.25,1.28,1.42,0.75,2.12,1.17,1.78,1.18,1.19,0.56
rabbit,3.13,1.42,1.20,0.50,1.27,0.68,1.31,0.75,1.18,0.54
rabies,1.00,0.00,2.58,1.52,2.83,1.40,3.65,1.43,3.52,1.43
radiant,4.04,1.19,1.11,0.55,1.13,0.50,1.11,0.55,1.06,0.23
radiator,1.56,1.02,1.50,0.99,1.27,0.62,1.38,0.72,1.31,0.77
radio,3.3,1.43,1.62,1.02,1.49,1.01,1.14,0.46,1.34,0.81
rage,1.14,0.59,4.10,1.27,2.46,1.47,3.03,1.59,2.31,1.48
rain,2.64,1.48,1.78,1.15,2.36,1.10,1.39,0.76,1.51,1.05
rainbow,4.00,1.25,1.08,0.37,1.27,0.84,1.07,0.35,1.14,0.46
rancid,1.1,0.38,1.94,1.16,1.59,1.01,2.15,1.37,3.70,1.41
rape,1.03,0.24,4.50,1.06,4.33,1.14,3.94,1.55,4.65,0.87
rat,1.22,0.70,1.85,1.21,1.44,0.92,2.61,1.48,3.42,1.47
rattle,2.11,1.36,1.56,0.94,1.44,0.85,1.99,1.36,1.27,0.65
razor,1.19,0.52,1.81,1.11,1.68,1.00,2.56,1.29,1.45,0.87
red,2.29,1.49,2.35,1.45,1.41,0.80,1.94,1.24,1.32,0.77
refreshment,3.67,1.30,1.11,0.47,1.18,0.70,1.14,0.65,1.18,0.63
regretful,1.28,0.74,2.89,1.20,3.59,1.18,2.65,1.27,2.46,1.39
rejected,1.05,0.37,3.50,1.28,3.91,1.09,3.47,1.35,2.00,1.37
relaxed,4.32,0.98,1.12,0.46,1.14,0.51,1.10,0.35,1.04,0.25
repentant,1.94,1.27,1.50,0.96,1.90,1.04,1.58,0.98,1.50,0.93
reptile,1.7,1.07,1.20,0.64,1.17,0.57,2.36,1.41,1.88,1.10
rescue,4.22,1.02,1.29,0.93,1.81,1.18,2.10,1.34,1.17,0.75
resent,1.18,0.74,3.03,1.34,2.59,1.39,2.10,1.35,2.17,1.29
reserved,2.02,1.10,1.62,0.90,1.74,0.98,1.74,1.02,1.34,0.77
respect,4.08,1.04,1.50,0.80,1.44,0.75,1.58,0.96,1.23,0.66
respectful,4.07,1.13,1.16,0.47,1.15,0.52,1.46,0.88,1.12,0.37
restaurant,3.51,1.30,1.36,0.82,1.31,0.81,1.33,0.76,1.48,0.94
reunion,4.30,1.11,1.28,0.63,1.72,0.95,1.63,1.05,1.14,0.50
reverent,2.29,1.30,1.23,0.64,1.30,0.66,1.38,0.75,1.18,0.52
revolt,1.46,0.93,2.86,1.43,2.07,1.24,2.46,1.41,1.93,1.44
revolver,1.18,0.55,2.59,1.38,2.20,1.32,3.19,1.42,1.86,1.30
reward,4.5,0.94,1.22,0.63,1.14,0.59,1.13,0.58,1.09,0.53
riches,3.86,1.34,1.45,0.95,1.39,0.88,1.49,0.91,1.49,0.97
ridicule,1.06,0.30,3.50,1.38,2.95,1.41,2.62,1.38,2.29,1.48
rifle,1.38,0.80,2.62,1.48,2.25,1.35,3.38,1.49,2.08,1.52
rigid,1.4,0.74,1.95,1.12,1.77,0.88,1.81,0.97,1.64,0.93
riot,1.18,0.61,3.10,1.32,2.29,1.28,2.96,1.28,1.88,1.21
river,3.00,1.47,1.31,0.83,1.33,0.86,1.60,0.96,1.25,0.71
roach,1.14,0.47,2.08,1.25,1.61,1.09,3.11,1.45,4.20,1.14
robber,1.00,0.00,3.68,1.35,2.79,1.38,3.73,1.28,2.74,1.54
rock,1.83,1.25,1.52,0.98,1.44,0.91,1.58,0.97,1.35,0.83
rollercoaster,3.7,1.34,1.29,0.72,1.11,0.55,2.79,1.34,1.13,0.67
romantic,4.28,1.10,1.28,0.70,1.51,0.98,1.66,1.11,1.21,0.58
rotten,1.01,0.11,2.01,1.29,1.77,1.16,1.94,1.39,4.04,1.22
rough,1.44,0.75,2.23,1.06,1.73,0.90,2.00,1.15,1.39,0.76
rude,1.00,0.00,3.82,1.16,2.09,1.25,1.68,1.08,2.77,1.41
runner,2.58,1.45,1.35,0.94,1.23,0.70,1.27,0.80,1.20,0.66
rusty,1.23,0.54,1.69,1.12,1.72,1.05,1.65,1.00,2.25,1.12
sad,1.13,0.56,2.31,1.15,4.35,1.10,2.28,1.16,1.65,0.97
safe,4.12,1.09,1.02,0.12,1.09,0.34,1.36,0.74,1.03,0.25
sailboat,3.7,1.20,1.20,0.48,1.20,0.51,1.80,1.07,1.19,0.64
saint,3.62,1.36,1.18,0.56,1.23,0.56,1.16,0.49,1.09,0.40
salad,2.88,1.44,1.06,0.29,1.11,0.49,1.10,0.54,1.29,0.81
salute,2.88,1.47,1.31,0.64,1.69,1.08,1.52,0.94,1.16,0.54
sapphire,3.55,1.29,1.28,0.63,1.38,0.81,1.19,0.66,1.14,0.53
satisfied,4.02,1.02,1.12,0.41,1.17,0.48,1.23,0.70,1.11,0.40
save,3.53,1.34,1.23,0.61,1.33,0.67,1.48,0.85,1.03,0.18
savior,4.02,1.18,1.18,0.70,1.35,0.97,1.46,1.02,1.12,0.60
scalding,1.16,0.60,2.95,1.28,2.32,1.14,3.23,1.26,2.31,1.25
scandal,1.23,0.66,3.01,1.36,2.44,1.30,2.65,1.27,3.07,1.41
scapegoat,1.24,0.72,2.39,1.05,1.99,0.97,1.83,1.06,1.90,1.29
scar,1.15,0.43,2.17,1.21,2.24,1.14,2.10,1.21,2.04,1.19
scared,1.14,0.50,2.41,1.28,3.02,1.27,4.09,1.24,1.83,1.18
scholar,3.55,1.35,1.31,0.76,1.27,0.71,1.28,0.67,1.09,0.29
scissors,1.45,0.82,1.61,0.98,1.39,0.76,2.00,1.13,1.25,0.58
scorching,1.23,0.69,2.60,1.43,2.16,1.27,2.71,1.52,2.06,1.43
scorn,1.09,0.37,3.53,1.14,2.72,1.27,2.80,1.42,2.32,1.38
scornful,1.16,0.67,3.31,1.34,2.13,1.24,2.17,1.27,1.74,1.11
scorpion,1.24,0.74,2.07,1.19,1.63,0.94,3.81,1.18,2.81,1.53
scream,1.53,1.04,2.59,1.25,2.38,1.19,3.59,1.44,1.73,1.06
scum,1.08,0.36,2.21,1.28,1.70,1.02,1.89,1.19,3.88,1.34
scurvy,1.19,0.54,1.90,1.20,2.11,1.19,2.40,1.39,2.55,1.50
seasick,1.13,0.58,1.62,1.01,2.20,1.15,2.27,1.32,3.09,1.47
seat,1.64,0.97,1.15,0.47,1.14,0.49,1.08,0.36,1.09,0.42
secure,4.06,1.17,1.13,0.60,1.29,0.80,1.51,1.09,1.14,0.68
selfish,1.22,0.67,3.14,1.26,2.31,1.02,1.61,0.98,2.80,1.37
sentiment,2.99,1.39,1.17,0.48,1.83,1.25,1.20,0.50,1.12,0.45
serious,1.45,0.81,1.92,1.10,1.84,1.17,1.97,1.15,1.29,0.82
severe,1.28,0.80,2.53,1.32,2.57,1.41,2.97,1.42,1.68,1.04
sex,4.55,0.83,1.41,0.92,1.48,0.89,1.73,1.09,1.25,0.56
sexy,4.18,1.19,1.21,0.66,1.30,0.78,1.23,0.67,1.17,0.52
shadow,1.52,0.92,1.39,0.76,1.71,1.03,2.30,1.26,1.21,0.60
shamed,1.16,0.60,2.89,1.17,3.64,1.13,2.64,1.04,3.00,1.48
shark,1.31,0.76,2.00,1.22,1.81,1.13,3.82,1.37,1.75,1.33
sheltered,2.61,1.39,1.69,0.99,2.07,1.24,1.85,1.20,1.55,1.01
ship,2.16,1.29,1.13,0.42,1.25,0.73,1.70,1.09,1.13,0.45
shotgun,1.50,0.90,3.03,1.38,2.24,1.36,3.62,1.28,2.11,1.38
shriek,1.57,1.12,1.99,1.36,1.77,1.13,2.89,1.47,1.64,1.01
shy,1.58,0.93,1.63,1.03,2.38,1.17,2.50,1.41,1.31,0.78
sick,1.14,0.45,2.17,1.14,2.89,1.11,2.58,1.35,2.43,1.38
sickness,1.06,0.30,2.34,1.21,3.42,1.17,3.19,1.34,2.67,1.30
silk,3.50,1.27,1.13,0.42,1.17,0.52,1.11,0.40,1.03,0.25
silly,4.18,0.93,1.27,0.65,1.12,0.47,1.07,0.25,1.26,0.62
sin,1.17,0.61,2.72,1.33,2.81,1.27,2.83,1.32,2.69,1.48
sinful,1.21,0.65,2.61,1.21,2.67,1.30,2.56,1.40,2.40,1.43
sissy,1.56,1.15,2.41,1.28,2.14,1.19,2.19,1.46,2.05,1.25
skeptical,1.48,0.82,1.93,1.05,1.56,0.84,2.13,1.24,1.49,0.89
skijump,2.87,1.32,1.25,0.60,1.23,0.59,3.17,1.34,1.10,0.45
skull,1.17,0.45,1.94,1.29,2.00,1.16,2.70,1.40,2.45,1.49
sky,3.52,1.40,1.21,0.52,1.26,0.62,1.38,0.71,1.10,0.42
skyscraper,2.44,1.39,1.40,0.85,1.65,1.16,2.35,1.47,1.49,1.13
slap,1.12,0.40,3.47,1.34,2.29,1.37,2.47,1.46,2.09,1.45
slaughter,1.03,0.25,3.65,1.41,3.74,1.34,3.61,1.45,3.98,1.29
slave,1.08,0.44,3.77,1.27,3.91,1.11,2.83,1.63,3.15,1.64
sleep,4.29,1.08,1.22,0.77,1.49,1.03,1.31,0.90,1.18,0.64
slime,1.23,0.70,1.62,1.09,1.45,1.01,1.92,1.33,3.58,1.37
slow,1.5,0.80,2.21,1.25,1.89,1.13,1.69,1.11,1.85,1.26
slum,1.13,0.48,2.21,1.15,3.18,1.21,2.54,1.41,3.05,1.40
slush,1.68,0.95,1.59,1.02,1.81,1.08,1.44,0.91,2.32,1.41
smallpox,1.00,0.00,2.07,1.11,2.78,1.30,3.42,1.26,3.43,1.41
smooth,3.12,1.44,1.16,0.43,1.11,0.42,1.08,0.27,1.14,0.58
snake,1.36,0.73,1.88,1.03,1.62,1.03,3.68,1.30,2.72,1.56
snob,1.1,0.38,2.94,1.20,1.64,0.88,1.47,0.75,2.82,1.30
snow,3.71,1.36,1.58,0.97,1.65,0.88,1.39,0.77,1.27,0.65
snuggle,4.25,1.13,1.10,0.45,1.42,0.86,1.18,0.52,1.10,0.38
social,3.67,1.41,1.23,0.65,1.30,0.63,1.66,0.95,1.08,0.31
soft,3.71,1.36,1.15,0.57,1.25,0.71,1.17,0.67,1.08,0.50
solemn,1.84,1.11,1.41,0.67,2.45,1.33,1.58,0.96,1.26,0.70
song,4.05,1.17,1.73,1.00,2.15,1.19,1.43,0.85,1.31,0.70
soothe,4.11,0.95,1.26,0.79,1.30,0.80,1.24,0.79,1.14,0.60
sour,1.64,1.01,1.43,0.84,1.28,0.72,1.44,0.82,1.99,1.27
space,2.56,1.56,1.21,0.71,1.50,0.93,1.85,1.11,1.11,0.36
spanking,1.4,0.83,2.96,1.44,2.49,1.41,2.64,1.44,2.01,1.28
sphere,1.59,0.89,1.17,0.57,1.11,0.43,1.21,0.79,1.14,0.49
spider,1.32,0.88,1.94,1.36,1.83,1.35,3.45,1.31,3.39,1.53
spirit,3.71,1.26,1.40,1.00,1.44,0.99,1.49,1.03,1.32,0.95
spouse,4.08,1.17,1.79,0.95,1.65,0.96,1.68,1.04,1.28,0.72
spray,1.99,1.16,1.31,0.64,1.19,0.57,1.38,0.73,1.55,0.94
spring,4.37,0.88,1.18,0.57,1.23,0.66,1.18,0.57,1.21,0.67
square,1.58,0.94,1.43,0.87,1.39,0.78,1.31,0.69,1.34,0.79
stagnant,1.15,0.41,1.72,1.19,1.67,1.05,1.63,1.07,2.17,1.34
star,3.94,1.05,1.09,0.42,1.21,0.60,1.20,0.56,1.11,0.43
startled,1.38,0.84,2.16,1.23,1.70,0.97,3.04,1.42,1.45,0.95
starving,1.24,0.82,2.64,1.32,3.27,1.47,2.71,1.41,1.98,1.32
statue,1.83,1.08,1.29,0.80,1.41,0.94,1.28,0.79,1.26,0.77
stench,1.16,0.51,1.77,1.13,1.48,0.93,1.57,0.88,3.91,1.31
stiff,1.29,0.78,1.76,1.22,1.62,0.94,1.59,1.02,1.38,0.84
stink,1.06,0.30,2.24,1.25,1.79,1.05,1.83,1.21,3.67,1.37
stomach,1.91,1.09,1.50,0.85,1.52,0.82,1.44,0.85,2.11,1.36
stool,1.49,1.07,1.23,0.77,1.28,0.80,1.28,0.80,1.76,1.27
storm,2.24,1.33,2.02,1.19,1.79,0.99,2.65,1.33,1.36,0.71
stove,1.73,1.20,1.26,0.75,1.27,0.77,1.62,1.09,1.25,0.76
street,1.92,1.29,1.45,0.80,1.37,0.74,1.98,1.13,1.36,0.78
stress,1.16,0.56,3.03,1.31,2.76,1.42,2.82,1.41,2.10,1.37
strong,3.52,1.21,1.58,0.91,1.21,0.64,1.65,0.94,1.17,0.60
stupid,1.27,0.67,2.62,1.36,2.07,1.30,1.64,0.97,1.89,1.27
subdued,1.43,0.74,1.43,0.78,1.69,0.89,1.51,0.78,1.25,0.57
success,4.28,1.12,1.14,0.45,1.22,0.70,1.63,1.04,1.10,0.38
suffocate,1.05,0.27,3.05,1.53,3.47,1.44,4.16,1.08,2.47,1.45
sugar,3.53,1.43,1.23,0.60,1.16,0.46,1.19,0.51,1.44,0.80
suicide,1.01,0.11,3.52,1.48,4.53,0.87,3.73,1.50,3.26,1.62
sun,4.24,1.02,1.32,0.69,1.21,0.58,1.38,0.72,1.14,0.49
sunlight,4.00,1.26,1.11,0.36,1.12,0.37,1.09,0.34,1.08,0.36
sunrise,4.35,0.93,1.14,0.54,1.28,0.66,1.07,0.31,1.04,0.26
sunset,4.12,1.13,1.14,0.49,1.38,0.74,1.11,0.40,1.09,0.46
surgery,1.35,0.81,1.92,1.26,2.78,1.36,3.78,1.24,2.18,1.45
surprised,3.66,1.28,1.43,0.77,1.39,0.76,1.90,1.15,1.14,0.45
suspicious,1.28,0.59,2.34,1.21,1.69,0.99,2.62,1.30,1.75,1.14
swamp,1.3,0.82,1.39,0.84,1.38,0.82,1.97,1.20,2.86,1.45
sweetheart,4.73,0.54,1.11,0.36,1.42,0.75,1.20,0.69,1.08,0.45
swift,2.04,1.25,1.22,0.56,1.18,0.48,1.25,0.60,1.08,0.37
swimmer,2.96,1.61,1.16,0.46,1.16,0.43,1.30,0.72,1.11,0.40
syphilis,1.09,0.40,2.53,1.51,2.83,1.55,3.10,1.47,4.09,1.34
table,1.53,1.00,1.12,0.51,1.09,0.38,1.12,0.51,1.11,0.43
talent,3.98,1.09,1.18,0.55,1.23,0.63,1.35,0.69,1.12,0.41
tamper,1.15,0.47,2.47,1.37,1.52,0.98,1.76,1.02,1.71,1.20
tank,1.36,0.90,1.90,1.41,1.61,1.16,2.08,1.44,1.53,0.99
taste,2.94,1.40,1.25,0.61,1.17,0.50,1.53,0.90,2.01,1.22
taxi,1.92,1.11,1.58,1.01,1.30,0.70,1.80,1.05,1.84,1.05
teacher,3.24,1.31,1.93,1.09,1.38,0.75,1.53,0.83,1.27,0.60
tease,2.36,1.25,2.77,1.30,2.22,1.24,1.69,1.06,1.81,1.09
tender,3.27,1.44,1.19,0.51,1.77,1.03,1.19,0.51,1.22,0.63
tennis,2.71,1.40,1.24,0.68,1.11,0.40,1.28,0.75,1.22,0.77
tense,1.24,0.70,2.41,1.35,2.01,1.10,2.69,1.42,1.43,0.81
termite,1.18,0.70,2.87,1.40,1.85,1.23,3.11,1.30,3.63,1.38
terrible,1.10,0.51,2.81,1.36,3.08,1.33,2.81,1.33,2.08,1.22
terrific,4.73,0.60,1.11,0.31,1.06,0.24,1.14,0.50,1.08,0.32
terrified,1.06,0.35,2.23,1.26,2.36,1.37,4.26,1.13,1.70,1.12
terrorist,1.1,0.45,4.01,1.42,3.37,1.48,3.79,1.47,3.58,1.63
thankful,4.28,1.10,1.18,0.56,1.43,0.80,1.18,0.61,1.12,0.40
theory,1.55,0.83,1.33,0.75,1.26,0.69,1.38,0.74,1.20,0.53
thermometer,1.58,0.83,1.51,0.88,1.70,1.06,1.55,0.97,1.36,0.69
thief,1.17,0.59,3.34,1.50,2.56,1.53,3.31,1.42,2.87,1.64
thorn,1.09,0.49,2.48,1.51,1.91,1.27,2.55,1.46,1.73,1.25
thought,2.82,1.41,1.92,1.14,1.99,1.22,1.97,1.21,1.72,1.10
thoughtful,4.11,0.99,1.16,0.44,1.31,0.70,1.12,0.55,1.09,0.41
thrill,4.02,0.98,1.21,0.51,1.18,0.49,2.15,1.34,1.08,0.32
tidy,3.34,1.13,1.27,0.58,1.18,0.48,1.21,0.52,1.16,0.44
time,2.07,1.16,1.78,1.04,1.95,1.25,2.16,1.33,1.32,0.76
timid,1.42,0.84,1.56,0.87,1.94,1.10,2.43,1.48,1.44,0.90
tobacco,1.35,0.94,2.30,1.44,2.15,1.45,2.18,1.54,3.42,1.62
tomb,1.27,0.84,1.94,1.25,3.06,1.38,3.00,1.37,1.94,1.21
tool,1.58,0.88,1.33,0.75,1.21,0.62,1.35,0.81,1.23,0.65
toothache,1.15,0.66,2.53,1.29,2.43,1.29,2.31,1.29,1.97,1.32
tornado,1.21,0.67,1.97,1.22,2.47,1.29,3.75,1.42,1.46,1.03
torture,1.03,0.24,3.96,1.30,3.92,1.11,4.27,1.02,3.92,1.30
tower,1.45,0.90,1.45,0.98,1.61,1.14,1.94,1.35,1.36,0.97
toxic,1.1,0.45,2.15,1.36,2.04,1.36,3.11,1.49,2.89,1.47
toy,4.12,1.03,1.11,0.43,1.12,0.48,1.05,0.21,1.03,0.17
tragedy,1.11,0.66,3.10,1.29,4.28,0.95,3.56,1.37,2.24,1.38
traitor,1.11,0.45,3.79,1.18,2.66,1.40,2.50,1.45,2.88,1.54
trash,1.2,0.71,2.00,1.17,1.58,1.10,1.55,0.91,3.62,1.29
trauma,1.18,0.74,2.44,1.22,3.83,1.22,3.75,1.26,2.11,1.23
travel,3.86,1.38,1.22,0.61,1.29,0.66,1.83,0.96,1.13,0.47
treasure,4.37,0.94,1.09,0.49,1.14,0.58,1.20,0.56,1.03,0.16
treat,4.03,1.08,1.09,0.29,1.11,0.43,1.11,0.47,1.05,0.21
tree,2.58,1.44,1.12,0.48,1.14,0.43,1.17,0.51,1.06,0.39
triumph,4.3,1.13,1.34,0.78,1.28,0.79,1.38,0.87,1.20,0.64
triumphant,4.39,1.04,1.22,0.70,1.18,0.70,1.22,0.70,1.13,0.58
trophy,4.24,0.96,1.43,0.99,1.38,0.85,1.22,0.63,1.24,0.70
trouble,1.28,0.75,2.53,1.26,2.46,1.14,2.93,1.15,1.60,0.99
troubled,1.17,0.60,2.61,1.21,3.18,1.01,2.58,1.27,1.67,1.15
truck,2.13,1.37,1.56,1.02,1.27,0.78,1.72,1.20,1.36,0.80
trumpet,2.35,1.42,1.17,0.50,1.21,0.53,1.17,0.50,1.11,0.46
trunk,1.19,0.55,1.18,0.51,1.15,0.49,1.49,0.90,1.18,0.56
trust,4.11,1.12,1.54,0.98,1.55,1.00,1.91,1.25,1.35,0.88
truth,3.67,1.34,1.53,0.99,1.67,1.06,1.89,1.19,1.40,0.90
tumor,1.06,0.33,2.93,1.39,3.89,1.09,3.94,1.20,2.60,1.50
tune,3.00,1.39,1.17,0.47,1.35,0.77,1.13,0.44,1.13,0.47
twilight,2.43,1.31,1.22,0.68,1.44,0.90,1.61,0.99,1.22,0.70
ugly,1.25,0.87,2.24,1.26,3.06,1.31,2.34,1.42,2.66,1.29
ulcer,1.08,0.48,2.38,1.38,2.66,1.45,2.84,1.45,2.57,1.56
umbrella,2.13,1.31,1.46,0.96,1.49,0.92,1.28,0.79,1.40,0.96
unfaithful,1.08,0.33,4.01,1.08,3.79,1.26,3.08,1.40,3.99,1.27
unhappy,1.08,0.42,2.65,1.48,3.81,1.28,2.45,1.30,1.88,1.24
unit,1.92,1.27,1.28,0.65,1.27,0.76,1.24,0.70,1.18,0.61
untroubled,3.53,1.37,1.15,0.49,1.21,0.65,1.22,0.70,1.21,0.69
upset,1.06,0.23,3.15,1.23,3.77,1.11,2.31,1.21,2.07,1.27
urine,1.66,1.15,1.32,0.73,1.19,0.64,1.31,0.80,2.76,1.37
useful,3.55,1.42,1.27,0.69,1.16,0.60,1.14,0.42,1.12,0.50
useless,1.11,0.46,2.72,1.27,2.72,1.24,2.08,1.22,2.28,1.39
utensil,1.7,0.99,1.31,0.77,1.22,0.63,1.47,0.85,1.25,0.59
vacation,4.64,0.74,1.09,0.34,1.17,0.48,1.12,0.41,1.06,0.30
vagina,2.65,1.59,1.15,0.52,1.22,0.68,1.31,0.68,1.72,1.18
valentine,4.32,1.06,1.34,0.71,1.76,1.03,1.26,0.60,1.23,0.73
vampire,1.22,0.56,2.19,1.13,1.66,0.94,3.58,1.19,2.62,1.27
vandal,1.24,0.85,3.48,1.35,2.49,1.40,3.03,1.53,2.98,1.58
vanity,1.9,1.22,1.64,0.99,1.43,0.81,1.42,0.84,1.64,1.00
vehicle,2.99,1.46,1.66,1.04,1.66,1.08,2.04,1.25,1.27,0.72
venom,1.1,0.39,2.25,1.21,2.27,1.28,3.69,1.16,2.57,1.28
vest,1.66,1.18,1.21,0.63,1.16,0.46,1.21,0.66,1.20,0.54
victim,1.11,0.47,3.08,1.32,3.50,1.14,3.38,1.33,2.27,1.57
victory,4.42,1.07,1.27,0.73,1.12,0.37,1.12,0.37,1.06,0.35
vigorous,2.44,1.37,1.60,0.94,1.37,0.80,1.61,1.00,1.20,0.59
village,2.11,1.34,1.17,0.54,1.25,0.75,1.25,0.68,1.11,0.50
violent,1.22,0.74,3.81,1.34,3.19,1.33,3.66,1.36,2.89,1.47
violin,2.97,1.32,1.27,0.65,1.68,1.02,1.14,0.59,1.11,0.51
virgin,2.62,1.51,1.38,0.87,1.58,1.02,1.67,1.19,1.17,0.62
virtue,3.67,1.34,1.18,0.49,1.29,0.67,1.26,0.61,1.21,0.57
vision,3.08,1.54,1.36,0.76,1.31,0.69,1.47,0.82,1.17,0.52
volcano,1.32,0.71,1.95,1.30,1.94,1.28,3.20,1.43,1.41,0.93
vomit,1.06,0.30,2.06,1.13,2.16,1.24,2.39,1.39,4.48,0.94
voyage,2.86,1.35,1.17,0.61,1.26,0.58,1.79,0.98,1.13,0.58
wagon,1.9,1.32,1.19,0.51,1.22,0.60,1.32,0.70,1.23,0.58
war,1.15,0.53,3.68,1.23,3.67,1.26,3.95,1.10,3.09,1.49
warmth,4.23,0.85,1.27,0.76,1.27,0.67,1.17,0.52,1.19,0.56
wasp,1.18,0.59,2.62,1.52,1.69,1.08,3.18,1.33,2.38,1.40
waste,1.18,0.64,2.76,1.24,2.37,1.17,1.80,1.15,3.15,1.36
watch,2.00,1.33,1.25,0.69,1.38,0.88,1.42,0.85,1.29,0.78
water,3.41,1.45,1.20,0.56,1.20,0.64,1.36,0.83,1.14,0.52
waterfall,4.05,1.10,1.14,0.50,1.20,0.69,1.59,1.03,1.13,0.52
wealthy,4.00,1.17,1.50,1.00,1.70,1.00,1.50,0.97,1.62,0.99
weapon,1.27,0.67,3.16,1.28,2.66,1.43,3.98,1.13,2.42,1.45
weary,1.15,0.36,1.72,1.05,2.73,1.36,2.01,1.20,1.50,0.88
wedding,4.51,0.87,1.10,0.51,1.57,1.00,1.88,1.24,1.07,0.48
whistle,3.00,1.42,1.42,0.91,1.28,0.77,1.39,0.81,1.27,0.78
white,2.56,1.46,1.14,0.49,1.26,0.66,1.14,0.58,1.15,0.53
whore,1.22,0.54,2.78,1.42,2.88,1.38,1.89,1.28,3.74,1.22
wicked,1.3,0.80,2.90,1.36,2.28,1.38,3.31,1.29,2.46,1.48
wife,4.19,1.23,1.53,0.89,1.50,0.84,1.59,0.92,1.16,0.60
win,4.37,1.12,1.35,0.92,1.32,0.85,1.35,0.70,1.17,0.53
windmill,2.17,1.22,1.23,0.63,1.30,0.76,1.26,0.64,1.12,0.45
window,2.23,1.24,1.17,0.54,1.35,0.81,1.24,0.68,1.12,0.48
wine,3.70,1.39,1.45,0.95,1.84,1.14,1.41,0.89,1.54,1.12
wink,3.48,1.23,1.21,0.58,1.13,0.41,1.14,0.49,1.21,0.53
wise,3.44,1.33,1.22,0.74,1.21,0.56,1.13,0.44,1.14,0.48
wish,4.09,1.11,1.31,0.64,1.64,0.88,1.44,0.83,1.09,0.34
wit,3.53,1.30,1.44,0.92,1.17,0.56,1.18,0.51,1.22,0.65
woman,3.56,1.36,1.72,1.04,1.82,0.98,1.76,1.06,1.34,0.79
wonder,3.22,1.48,1.21,0.67,1.38,0.83,1.60,0.99,1.19,0.66
world,2.93,1.48,1.60,1.00,1.83,1.14,1.76,1.11,1.54,0.90
wounds,1.22,0.79,2.47,1.35,3.01,1.41,2.83,1.38,2.32,1.42
writer,2.65,1.41,1.65,1.03,1.95,1.08,1.58,0.99,1.43,0.92
yacht,3.58,1.43,1.22,0.56,1.15,0.43,1.36,0.65,1.40,0.90
yellow,2.80,1.55,1.26,0.73,1.27,0.67,1.26,0.66,1.26,0.75
young,3.72,1.26,1.69,1.09,1.76,1.08,1.87,1.22,1.32,0.82
youth,4.15,1.14,1.72,1.07,1.80,1.11,1.57,0.95,1.41,0.99
zest,2.74,1.33,1.25,0.68,1.16,0.62,1.17,0.58,1.26,0.73
